family,arm,source_revision,epoch,optimizer_updates,train_total_loss,train_bce,train_ddi,dev_jaccard,dev_f1,dev_prauc,dev_nll
mica,SharedPool,cd731bb0abe3dca3ebaa8a3e5346eeff74270f75,1,656,0.22888563590692332,0.22362630841945463,0.105186554903479,0.5090833269962799,0.6662134250461391,0.7694237511400501,0.21537399291992188
mica,SharedPool,cd731bb0abe3dca3ebaa8a3e5346eeff74270f75,2,1312,0.20646582275631886,0.20102309167885168,0.10885462328040096,0.5263666148915535,0.681301124469755,0.780808950979191,0.20874865353107452
mica,SharedPool,cd731bb0abe3dca3ebaa8a3e5346eeff74270f75,3,1968,0.19658825848887676,0.19108994371335947,0.10996629273156122,0.532430334115605,0.6861891417440328,0.7874185089475605,0.20558872818946838
mica,SharedPool,cd731bb0abe3dca3ebaa8a3e5346eeff74270f75,4,2624,0.18850744767751149,0.18296339048825816,0.11088114680820203,0.5305501912953196,0.6843517085137285,0.7843794427416945,0.2090711146593094
mica,SharedPool,cd731bb0abe3dca3ebaa8a3e5346eeff74270f75,5,3280,0.18120425760842607,0.17560429756578197,0.1119992016498644,0.5267590269577849,0.6816020101770709,0.7764705063193565,0.2153066098690033
mica,SharedPool,cd731bb0abe3dca3ebaa8a3e5346eeff74270f75,6,3936,0.17422514003871542,0.16859110324810567,0.11268073195158805,0.5200050392041029,0.6750102983243453,0.7723348217398316,0.22073043882846832
mica,SharedPool,cd731bb0abe3dca3ebaa8a3e5346eeff74270f75,7,4592,0.16758388716580813,0.16191721228043246,0.11333349686364949,0.5152739496689344,0.671231294603629,0.7671181132986531,0.22905951738357544
mica,SharedPool,cd731bb0abe3dca3ebaa8a3e5346eeff74270f75,8,5248,0.16131115975763177,0.1556017779809002,0.11418763490386477,0.5122687911071081,0.6686081990637586,0.7620742817563562,0.23640942573547363
mica,SharedPool,cd731bb0abe3dca3ebaa8a3e5346eeff74270f75,9,5904,0.15547786608291475,0.14973271955030187,0.11490293506265471,0.5041135865630569,0.661409948235946,0.7577142065537132,0.2484993189573288
mica,SharedPool,cd731bb0abe3dca3ebaa8a3e5346eeff74270f75,10,6560,0.1498755865663486,0.14409930071677093,0.11552571662786816,0.49984280381121377,0.65738943951197,0.7515432322370366,0.261407732963562
mica,SharedPool,cd731bb0abe3dca3ebaa8a3e5346eeff74270f75,11,7216,0.14485021976158996,0.13904806083219728,0.11604317523938978,0.4989095320228764,0.6567713070280347,0.7492816447437213,0.26208415627479553
mica,SharedPool,cd731bb0abe3dca3ebaa8a3e5346eeff74270f75,12,7872,0.14020287680585,0.13437673020196922,0.11652293544667887,0.4944064993186133,0.6523768781794594,0.7442959598401798,0.2786761224269867
mica,SharedPool,cd731bb0abe3dca3ebaa8a3e5346eeff74270f75,13,8528,0.1358266237188038,0.12997484858306646,0.11703549898697022,0.49565161889468423,0.6537092592040787,0.7431116614493065,0.28830820322036743
mica,SharedPool,cd731bb0abe3dca3ebaa8a3e5346eeff74270f75,14,9184,0.13160658589035873,0.12572433128462857,0.11764508904742722,0.4871510959389309,0.6458305570483791,0.7354336436037393,0.30418169498443604
mica,SharedPool,cd731bb0abe3dca3ebaa8a3e5346eeff74270f75,15,9840,0.128069601435204,0.12216634799350103,0.1180650716710902,0.4876232592995172,0.6463634628266959,0.7333746166395659,0.3114381730556488
mica,SharedPool,cd731bb0abe3dca3ebaa8a3e5346eeff74270f75,16,10496,0.12465178238867076,0.11873701964394473,0.11829525639756482,0.4872613983970976,0.6461649214086427,0.7350279605477099,0.32039937376976013
mica,SharedPool,cd731bb0abe3dca3ebaa8a3e5346eeff74270f75,17,11152,0.12144729732438554,0.11550689367539253,0.11880807364614326,0.4870634429233298,0.6459686779640237,0.7337801260647018,0.33202075958251953
mica,SharedPool,cd731bb0abe3dca3ebaa8a3e5346eeff74270f75,18,11808,0.1185465493796267,0.11260915336785388,0.11874792256673737,0.482665146914636,0.6417386624248602,0.7301183745856384,0.34735020995140076
mica,SharedPool,cd731bb0abe3dca3ebaa8a3e5346eeff74270f75,19,12464,0.1158673628420277,0.1099048175357388,0.11925090865452873,0.4775555687909811,0.636737974232633,0.722484501614631,0.3530333340167999
mica,SharedPool,cd731bb0abe3dca3ebaa8a3e5346eeff74270f75,20,13120,0.11304323817685422,0.10706265739665403,0.11961162074958531,0.47583144415667905,0.6354562806662511,0.7220125580009437,0.36605677008628845
mica,SharedPool,cd731bb0abe3dca3ebaa8a3e5346eeff74270f75,21,13776,0.11080000371547817,0.10480346738019246,0.11993072660911049,0.4764621262235709,0.6360145971345291,0.7243428007402756,0.369268000125885
mica,SharedPool,cd731bb0abe3dca3ebaa8a3e5346eeff74270f75,22,14432,0.10791117563561019,0.10190423477726267,0.12013881613129894,0.4780055263316464,0.6374150109964893,0.7255837377893951,0.37787386775016785
mica,SharedPool,cd731bb0abe3dca3ebaa8a3e5346eeff74270f75,23,15088,0.10596109750327329,0.09993736818468324,0.12047458353121818,0.47713762669512505,0.6369165313731097,0.7210302025660138,0.38857635855674744
mica,SharedPool,cd731bb0abe3dca3ebaa8a3e5346eeff74270f75,24,15744,0.10400776317953461,0.0979645491443345,0.1208642809384089,0.47739126686230615,0.6371564534002709,0.7231151289969243,0.38526153564453125
mica,SharedPool,cd731bb0abe3dca3ebaa8a3e5346eeff74270f75,25,16400,0.10119149292438202,0.0951491349679247,0.12084716006606286,0.474035879074555,0.6338164284565792,0.7200555086680955,0.4101737439632416
mica,SharedPool,cd731bb0abe3dca3ebaa8a3e5346eeff74270f75,26,17056,0.09963065108224155,0.09356334842354364,0.1213460503447407,0.4682310453619905,0.6284410026746825,0.7130858289545451,0.43783116340637207
mica,SharedPool,cd731bb0abe3dca3ebaa8a3e5346eeff74270f75,27,17712,0.09799273538329784,0.09193014577904833,0.12125179056773958,0.4736389940791653,0.633352230384454,0.7190006288970405,0.4260478913784027
mica,SharedPool,cd731bb0abe3dca3ebaa8a3e5346eeff74270f75,28,18368,0.0956405790430175,0.08955726490122243,0.12166628497965695,0.47206517431698697,0.6322445257846658,0.7190411751795358,0.43938419222831726
mica,SharedPool,cd731bb0abe3dca3ebaa8a3e5346eeff74270f75,29,19024,0.09447945355417185,0.0883974771556346,0.1216395283472164,0.4682489853348468,0.6282302043563426,0.7136016372854951,0.4302201271057129
mica,SharedPool,cd731bb0abe3dca3ebaa8a3e5346eeff74270f75,30,19680,0.09276362325556116,0.08664676681727765,0.12233712808873204,0.47146683832576314,0.631644138724381,0.716977227733533,0.4392186999320984
mica,SharedPool,cd731bb0abe3dca3ebaa8a3e5346eeff74270f75,31,20336,0.09141790113553998,0.08531712071606241,0.12201561103479482,0.4719553569046382,0.6320170070704335,0.7162155813803194,0.4598340392112732
mica,SharedPool,cd731bb0abe3dca3ebaa8a3e5346eeff74270f75,32,20992,0.08941039275166668,0.08330350616265439,0.12213773064159758,0.4715320121895655,0.6314018328204161,0.7181370232928121,0.4508898854255676
mica,SharedPool,cd731bb0abe3dca3ebaa8a3e5346eeff74270f75,33,21648,0.08796130306006546,0.08184088500700866,0.12240836266930787,0.46858458871515546,0.62902604089258,0.7121145178158345,0.48249444365501404
mica,SharedPool,cd731bb0abe3dca3ebaa8a3e5346eeff74270f75,34,22304,0.08707319597606834,0.08094197357390763,0.12262444846088433,0.466829170842882,0.6271003788844615,0.7130955541981133,0.4802131950855255
mica,SharedPool,cd731bb0abe3dca3ebaa8a3e5346eeff74270f75,35,22960,0.08527068201506123,0.07913033359497856,0.12280697136654255,0.47108177792790745,0.6312190355092856,0.7140159574228057,0.47350722551345825
mica,SharedPool,cd731bb0abe3dca3ebaa8a3e5346eeff74270f75,36,23616,0.08432663077379685,0.07817925977484151,0.12294742010057183,0.4690085252159925,0.6294184493314732,0.7138225433089357,0.48139312863349915
mica,SharedPool,cd731bb0abe3dca3ebaa8a3e5346eeff74270f75,37,24272,0.08281905870696066,0.07666193883106381,0.12314239960131512,0.4706834617725959,0.6307826378677301,0.7144455992934913,0.4864504337310791
mica,SharedPool,cd731bb0abe3dca3ebaa8a3e5346eeff74270f75,38,24928,0.08155348599354843,0.07538612316720296,0.12334725561201294,0.47163440899792564,0.6320482755949265,0.7165227742793713,0.4846799075603485
mica,SharedPool,cd731bb0abe3dca3ebaa8a3e5346eeff74270f75,39,25584,0.08049250648614732,0.07431023716372523,0.12364538824271856,0.46717024876146374,0.6273831697839001,0.7110941691304874,0.5047312378883362
mica,SharedPool,cd731bb0abe3dca3ebaa8a3e5346eeff74270f75,40,26240,0.07938637147243899,0.07320241744013212,0.12367908005941038,0.4687593804246169,0.628890039094399,0.7129293275985888,0.5125965476036072
mica,SharedPool,cd731bb0abe3dca3ebaa8a3e5346eeff74270f75,41,26896,0.07817020377135162,0.07198950323334913,0.12361401191716631,0.46863839198283813,0.6289112723069669,0.7115755710034611,0.5225485563278198
mica,SharedPool,cd731bb0abe3dca3ebaa8a3e5346eeff74270f75,42,27552,0.07749067375908612,0.07129578913831656,0.12389769288846655,0.4673506160437047,0.6277147728512336,0.7118346536102053,0.5082845091819763
mica,SharedPool,cd731bb0abe3dca3ebaa8a3e5346eeff74270f75,43,28208,0.07613132642087496,0.06992296124990066,0.1241673031921825,0.4665726326998513,0.626971388572872,0.711171100463956,0.5354355573654175
mica,SharedPool,cd731bb0abe3dca3ebaa8a3e5346eeff74270f75,44,28864,0.07506057691933236,0.0688613242804379,0.1239850518843025,0.46861467197054346,0.628970036366405,0.7125679674229005,0.5266480445861816
mica,SharedPool,cd731bb0abe3dca3ebaa8a3e5346eeff74270f75,45,29520,0.07428593768076988,0.06807743344555048,0.12417008546656495,0.4654985094044712,0.6261103882577468,0.7079151362086988,0.538605809211731
mica,SharedPool,cd731bb0abe3dca3ebaa8a3e5346eeff74270f75,46,30176,0.0733866326099629,0.06717324868343229,0.12426767679884432,0.4652791565022639,0.6255787920006787,0.7078984252396573,0.5496042966842651
mica,SharedPool,cd731bb0abe3dca3ebaa8a3e5346eeff74270f75,47,30832,0.07275736966116297,0.06653247040025453,0.12449798734487666,0.4633411626017097,0.6236350686184198,0.7063182056961643,0.541499137878418
mica,SharedPool,cd731bb0abe3dca3ebaa8a3e5346eeff74270f75,48,31488,0.07169683609789633,0.06546797380575871,0.12457724525531512,0.4639093062271425,0.6243410747956353,0.7091740828717085,0.5559048652648926
mica,SharedPool,cd731bb0abe3dca3ebaa8a3e5346eeff74270f75,49,32144,0.07132641726333905,0.0651089719393049,0.12434890762572408,0.46710904261260267,0.627459411580585,0.7100409591356949,0.5492146611213684
mica,SharedPool,cd731bb0abe3dca3ebaa8a3e5346eeff74270f75,50,32800,0.0698672381629877,0.06361247947822593,0.12509517383730007,0.464170651650199,0.6245487462406256,0.7081689850248278,0.5656518936157227
mica,SharedPool,cd731bb0abe3dca3ebaa8a3e5346eeff74270f75,51,33456,0.06895793939025469,0.06272599496858705,0.12463888708018679,0.46442749849036763,0.624533222336146,0.7062759665106714,0.578673243522644
mica,SharedPool,cd731bb0abe3dca3ebaa8a3e5346eeff74270f75,52,34112,0.06855033113181574,0.062303956915202775,0.12492748422286953,0.4636620334980204,0.623868368009596,0.7101138381348314,0.5604670643806458
mica,SharedPool,cd731bb0abe3dca3ebaa8a3e5346eeff74270f75,53,34768,0.06789572003421548,0.06164842539920015,0.12494589000107824,0.4630827430729598,0.6236900637676137,0.706769489196138,0.5748405456542969
mica,SharedPool,cd731bb0abe3dca3ebaa8a3e5346eeff74270f75,54,35424,0.0671121827872332,0.06085315691934935,0.12518051626519988,0.4641733946306819,0.6245669424801993,0.7082146402359669,0.5738955140113831
mica,SharedPool,cd731bb0abe3dca3ebaa8a3e5346eeff74270f75,55,36080,0.06625152406550781,0.05999484291075183,0.1251336224501462,0.46416494566442484,0.6248067031117736,0.7076193963752007,0.5972883701324463
mica,SharedPool,cd731bb0abe3dca3ebaa8a3e5346eeff74270f75,56,36736,0.06620877737189876,0.059939376489912,0.1253880167518311,0.4633009092768653,0.6237291045886049,0.7068127163521158,0.5912919640541077
mica,SharedPool,cd731bb0abe3dca3ebaa8a3e5346eeff74270f75,57,37392,0.06584785590409119,0.05958415770530132,0.1252739619911541,0.46560963810504385,0.6258853901867157,0.7106312136809771,0.5724447965621948
mica,SharedPool,cd731bb0abe3dca3ebaa8a3e5346eeff74270f75,58,38048,0.0643517606834777,0.05807717483348996,0.125491715486056,0.46180168430559887,0.6221894038511532,0.7076854959506351,0.6125513911247253
mica,SharedPool,cd731bb0abe3dca3ebaa8a3e5346eeff74270f75,59,38704,0.06357377160591647,0.0573013954085485,0.12544752312622576,0.4655633470007422,0.625858701685221,0.7083631128654673,0.6232888102531433
mica,SharedPool,cd731bb0abe3dca3ebaa8a3e5346eeff74270f75,60,39360,0.06342277960990834,0.0571450560667748,0.12555447042937365,0.45894554415795175,0.6196864127844912,0.7024395525646883,0.6186424493789673
mica,DrugQuery,cd731bb0abe3dca3ebaa8a3e5346eeff74270f75,1,656,0.2258553410286171,0.22057116875652819,0.10568344207484634,0.5222223411606653,0.6777874818046532,0.7773796774143529,0.21158185601234436
mica,DrugQuery,cd731bb0abe3dca3ebaa8a3e5346eeff74270f75,2,1312,0.20236760614989813,0.19690679911151493,0.1092161350580857,0.5361206255400166,0.6898716560474787,0.7890988006183267,0.20533475279808044
mica,DrugQuery,cd731bb0abe3dca3ebaa8a3e5346eeff74270f75,3,1968,0.1933994024185062,0.18788799874939857,0.11022807005997075,0.5422441561252869,0.6950055191031947,0.7927301263294768,0.20248271524906158
mica,DrugQuery,cd731bb0abe3dca3ebaa8a3e5346eeff74270f75,4,2624,0.18599623535174706,0.18043690692430592,0.11118656831299546,0.5390920660822011,0.6918528742674135,0.7895906574817885,0.205556258559227
mica,DrugQuery,cd731bb0abe3dca3ebaa8a3e5346eeff74270f75,5,3280,0.17947695250364104,0.17386943253750045,0.11215040061986188,0.5344110933092018,0.6882106033532162,0.7840590257286169,0.21091458201408386
mica,DrugQuery,cd731bb0abe3dca3ebaa8a3e5346eeff74270f75,6,3936,0.17334826929756314,0.1677075356730902,0.1128146717649293,0.5309786065180504,0.6850759307562109,0.780400611671976,0.21675211191177368
mica,DrugQuery,cd731bb0abe3dca3ebaa8a3e5346eeff74270f75,7,4592,0.16708884668572976,0.1614265688007332,0.11324556135809652,0.523717253784172,0.6790999076916232,0.7742213955811137,0.22491322457790375
mica,DrugQuery,cd731bb0abe3dca3ebaa8a3e5346eeff74270f75,8,5248,0.16133053904380273,0.15562026691239014,0.11420544610528453,0.5219411353483415,0.6770794279342653,0.7709154180723041,0.23211869597434998
mica,DrugQuery,cd731bb0abe3dca3ebaa8a3e5346eeff74270f75,9,5904,0.155610618794802,0.14986682408192284,0.11487589634806472,0.5132580125433529,0.6694872819064548,0.7630556227917179,0.24498146772384644
mica,DrugQuery,cd731bb0abe3dca3ebaa8a3e5346eeff74270f75,10,6560,0.1504020953794398,0.1446337758648076,0.11536639136807322,0.5140204922899992,0.6700600037145554,0.7620423045563766,0.25111210346221924
mica,DrugQuery,cd731bb0abe3dca3ebaa8a3e5346eeff74270f75,11,7216,0.14525776383095787,0.1394528759206054,0.11609775972572042,0.5075003578388326,0.6641313154891098,0.7543331703914694,0.2663731276988983
mica,DrugQuery,cd731bb0abe3dca3ebaa8a3e5346eeff74270f75,12,7872,0.14085260485088943,0.13503327993438996,0.11638650303659112,0.5040544676188682,0.6610894633454487,0.7503337671427494,0.27660802006721497
mica,DrugQuery,cd731bb0abe3dca3ebaa8a3e5346eeff74270f75,13,8528,0.13651420792589788,0.13067585387423356,0.11676708329069409,0.502209518200804,0.6596414133246423,0.7478869895627344,0.28568992018699646
mica,DrugQuery,cd731bb0abe3dca3ebaa8a3e5346eeff74270f75,14,9184,0.13299000417780452,0.1270989560820386,0.11782096413578862,0.49982960031308227,0.6571691950842986,0.7469305973443315,0.2924274206161499
mica,DrugQuery,cd731bb0abe3dca3ebaa8a3e5346eeff74270f75,15,9840,0.12889457557949555,0.12300904845558366,0.11771054917232406,0.49950557574788323,0.6570802607897696,0.74418370897202,0.30165091156959534
mica,DrugQuery,cd731bb0abe3dca3ebaa8a3e5346eeff74270f75,16,10496,0.1258632383508284,0.119947763619983,0.11830949605886447,0.499639309065917,0.6570084916131743,0.7434634737487069,0.31469836831092834
mica,DrugQuery,cd731bb0abe3dca3ebaa8a3e5346eeff74270f75,17,11152,0.12256331724691055,0.11663813957146642,0.11850355655616931,0.4967755362304453,0.6543810905321927,0.7409103676449569,0.31749558448791504
mica,DrugQuery,cd731bb0abe3dca3ebaa8a3e5346eeff74270f75,18,11808,0.11969545049936826,0.11376036238608978,0.11870176205105226,0.49209011640823935,0.6500628726154793,0.7356406282158714,0.3288057744503021
mica,DrugQuery,cd731bb0abe3dca3ebaa8a3e5346eeff74270f75,19,12464,0.11680780317208506,0.11083581476241552,0.119439766644886,0.4889592264169251,0.6473520203004117,0.7315105839293092,0.3493691086769104
mica,DrugQuery,cd731bb0abe3dca3ebaa8a3e5346eeff74270f75,20,13120,0.11467935761035665,0.10871117111355484,0.11936373158966873,0.4879016731681092,0.6463385996796358,0.7318561076244702,0.3436857759952545
mica,DrugQuery,cd731bb0abe3dca3ebaa8a3e5346eeff74270f75,21,13776,0.11204775793245085,0.10605637314552256,0.11982769655685814,0.4872153635932148,0.6454086225966567,0.7317024760888519,0.3588736951351166
mica,DrugQuery,cd731bb0abe3dca3ebaa8a3e5346eeff74270f75,22,14432,0.10965610400661975,0.10365621155307772,0.11999784805294737,0.48968318044031384,0.6478823526356375,0.7338555769069164,0.3625783920288086
mica,DrugQuery,cd731bb0abe3dca3ebaa8a3e5346eeff74270f75,23,15088,0.10761905151635724,0.10160456536148965,0.12028972376931758,0.48976699489110076,0.6481555953733124,0.731980353453572,0.3695356249809265
mica,DrugQuery,cd731bb0abe3dca3ebaa8a3e5346eeff74270f75,24,15744,0.10566367145667871,0.0996279137081022,0.12071515616629369,0.4863744036304229,0.6450711785644924,0.7273970738861905,0.3857969045639038
mica,DrugQuery,cd731bb0abe3dca3ebaa8a3e5346eeff74270f75,25,16400,0.10370278135417971,0.09766653953522333,0.12072483721446782,0.48348083746890097,0.6422899689858108,0.7284897656831454,0.3898305594921112
mica,DrugQuery,cd731bb0abe3dca3ebaa8a3e5346eeff74270f75,26,17056,0.10206983258844911,0.09602914259245425,0.12081380018413732,0.4853610625539913,0.6442100733328819,0.7281821767773363,0.39546677470207214
mica,DrugQuery,cd731bb0abe3dca3ebaa8a3e5346eeff74270f75,27,17712,0.10024680907278045,0.09419730087673486,0.12099016409849277,0.4866817356326004,0.6454234353319696,0.7288731466492681,0.39522406458854675
mica,DrugQuery,cd731bb0abe3dca3ebaa8a3e5346eeff74270f75,28,18368,0.09858059312230878,0.0925187676021273,0.12123650948376113,0.48380863549109615,0.6425928135011515,0.7283488844137159,0.41474148631095886
mica,DrugQuery,cd731bb0abe3dca3ebaa8a3e5346eeff74270f75,29,19024,0.0970596839997991,0.09097641432494996,0.12166539233986604,0.4818260858102724,0.6406868861873857,0.7249300045402026,0.41405269503593445
mica,DrugQuery,cd731bb0abe3dca3ebaa8a3e5346eeff74270f75,30,19680,0.0956058986943163,0.08950940306332264,0.1219299169741546,0.48332550344136527,0.6419210721308228,0.7252017782731092,0.41931572556495667
mica,DrugQuery,cd731bb0abe3dca3ebaa8a3e5346eeff74270f75,31,20336,0.09417437337603875,0.08808599704810305,0.12176752220869451,0.4782530917580115,0.6372423976614547,0.7228280488295904,0.4342650771141052
mica,DrugQuery,cd731bb0abe3dca3ebaa8a3e5346eeff74270f75,32,20992,0.0926302912757717,0.08651613511996792,0.1222831233653989,0.47915285583887196,0.6381737161566873,0.7214538930890164,0.4351921081542969
mica,DrugQuery,cd731bb0abe3dca3ebaa8a3e5346eeff74270f75,33,21648,0.09142341927036292,0.08533403464709398,0.12178769397126422,0.4792829177352878,0.6384192725822552,0.7245228888387907,0.4381495714187622
mica,DrugQuery,cd731bb0abe3dca3ebaa8a3e5346eeff74270f75,34,22304,0.08996191709901256,0.08383759420156615,0.12248645923177215,0.47423273504089064,0.633746536261329,0.7192395584470463,0.4511913061141968
mica,DrugQuery,cd731bb0abe3dca3ebaa8a3e5346eeff74270f75,35,22960,0.0887299516738251,0.0825988818661468,0.12262139369442665,0.4787790336161735,0.6381491198978326,0.7205489735070476,0.4355473518371582
mica,DrugQuery,cd731bb0abe3dca3ebaa8a3e5346eeff74270f75,36,23616,0.08769156540391419,0.08156284726413875,0.12257436296243505,0.4816784034489151,0.6406970373755247,0.7235570139937011,0.44816410541534424
mica,DrugQuery,cd731bb0abe3dca3ebaa8a3e5346eeff74270f75,37,24272,0.08601615539507684,0.07988015563787593,0.12271999543667157,0.48098802558512216,0.6401443313451418,0.7221230860708915,0.46097490191459656
mica,DrugQuery,cd731bb0abe3dca3ebaa8a3e5346eeff74270f75,38,24928,0.08568722124162922,0.0795333105607271,0.12307821620646031,0.4771317053531896,0.6364155129393586,0.7226750430730344,0.4549258351325989
mica,DrugQuery,cd731bb0abe3dca3ebaa8a3e5346eeff74270f75,39,25584,0.08421369175052766,0.07805366405487538,0.1232005556348691,0.4777433422092204,0.6372551325948472,0.719014025332997,0.4715827405452728
mica,DrugQuery,cd731bb0abe3dca3ebaa8a3e5346eeff74270f75,40,26240,0.08379300106386062,0.07764112951431275,0.12303743092276619,0.4776744563152195,0.6370458200539928,0.7182979351360602,0.4742017090320587
mica,DrugQuery,cd731bb0abe3dca3ebaa8a3e5346eeff74270f75,41,26896,0.08236781839735573,0.076217932788026,0.12299771065726864,0.4770639374354432,0.6366935738448389,0.7197679782720928,0.4718334376811981
mica,DrugQuery,cd731bb0abe3dca3ebaa8a3e5346eeff74270f75,42,27552,0.08145878313039845,0.0752798641356775,0.12357837978929113,0.47538105641720485,0.6344134199065302,0.7165901669364935,0.47435110807418823
mica,DrugQuery,cd731bb0abe3dca3ebaa8a3e5346eeff74270f75,43,28208,0.08057575249973965,0.07438766141979253,0.12376182032888458,0.47812675531057236,0.637569408393408,0.7202652842665378,0.49009761214256287
mica,DrugQuery,cd731bb0abe3dca3ebaa8a3e5346eeff74270f75,44,28864,0.07937152016812392,0.07318565943286807,0.12371721781349146,0.4774755816170506,0.6367226184722673,0.718750922857582,0.49234339594841003
mica,DrugQuery,cd731bb0abe3dca3ebaa8a3e5346eeff74270f75,45,29520,0.0784110913104831,0.0722248627321999,0.12372457173187952,0.48054644760551035,0.6399301757083614,0.721357004452278,0.49333181977272034
mica,DrugQuery,cd731bb0abe3dca3ebaa8a3e5346eeff74270f75,46,30176,0.07785333170868873,0.07164867188639791,0.12409319725700574,0.4795767439742595,0.6387694312273968,0.7218497840481365,0.4993651509284973
mica,DrugQuery,cd731bb0abe3dca3ebaa8a3e5346eeff74270f75,47,30832,0.0768993301435187,0.0706956032022517,0.12407453751550387,0.4750842251266308,0.6345073180666806,0.7188060351127994,0.5052990317344666
mica,DrugQuery,cd731bb0abe3dca3ebaa8a3e5346eeff74270f75,48,31488,0.07624130408874583,0.0700295587820654,0.12423490704708416,0.4785045551136773,0.6377931074456344,0.7198157574760777,0.5061440467834473
mica,DrugQuery,cd731bb0abe3dca3ebaa8a3e5346eeff74270f75,49,32144,0.07553843821591856,0.0693181423781677,0.12440591398901817,0.47566657271345764,0.635471096007206,0.7183653233936665,0.5113755464553833
mica,DrugQuery,cd731bb0abe3dca3ebaa8a3e5346eeff74270f75,50,32800,0.07484929320701755,0.06863586262787635,0.1242686148687795,0.47588532943947615,0.6355702136692963,0.7167080585139135,0.5146250128746033
mica,DrugQuery,cd731bb0abe3dca3ebaa8a3e5346eeff74270f75,51,33456,0.07425979338390991,0.06804058341021214,0.12438419972327885,0.4762521106056223,0.6357780648434357,0.7167778485307104,0.5197804570198059
mica,DrugQuery,cd731bb0abe3dca3ebaa8a3e5346eeff74270f75,52,34112,0.07360706941274979,0.06738263311354513,0.12448872493423535,0.47814310483832834,0.6374759035322882,0.717379883938976,0.5151686072349548
mica,DrugQuery,cd731bb0abe3dca3ebaa8a3e5346eeff74270f75,53,34768,0.07294848228997709,0.06672305088827296,0.12450862856256302,0.47616245539250746,0.6357226135371263,0.7161646999441882,0.5205157399177551
mica,DrugQuery,cd731bb0abe3dca3ebaa8a3e5346eeff74270f75,54,35424,0.07188955347799279,0.0656558800734127,0.12467346909031626,0.4741082889098331,0.633947403712559,0.7165966491948941,0.527023434638977
mica,DrugQuery,cd731bb0abe3dca3ebaa8a3e5346eeff74270f75,55,36080,0.07125137057107424,0.06501452504469062,0.12473691044527487,0.4762585864587123,0.6364393775977387,0.7178581279450107,0.5358757376670837
mica,DrugQuery,cd731bb0abe3dca3ebaa8a3e5346eeff74270f75,56,36736,0.07081512623519026,0.06458115173239694,0.12467948795188905,0.4724202046191785,0.6321265920822503,0.713655728744967,0.5319273471832275
mica,DrugQuery,cd731bb0abe3dca3ebaa8a3e5346eeff74270f75,57,37392,0.0697293797548193,0.06348466716542668,0.12489424999357576,0.4786281018801527,0.638043839464745,0.7192223671358862,0.5367318391799927
mica,DrugQuery,cd731bb0abe3dca3ebaa8a3e5346eeff74270f75,58,38048,0.06917963246790489,0.06292334017961357,0.12512584327472293,0.4715326957831854,0.631248299305627,0.7133259253801248,0.5491612553596497
mica,DrugQuery,cd731bb0abe3dca3ebaa8a3e5346eeff74270f75,59,38704,0.0692445710663664,0.062987680887273,0.12513779939451258,0.47527820552973854,0.6349316835550326,0.7180445552764819,0.5531919598579407
mica,DrugQuery,cd731bb0abe3dca3ebaa8a3e5346eeff74270f75,60,39360,0.06830733488090546,0.06204900591897833,0.12516657883223775,0.4740902602140073,0.6338637160545393,0.7145235242314353,0.5402646064758301
mica,MICA-Late,cd731bb0abe3dca3ebaa8a3e5346eeff74270f75,1,656,0.22582874353557741,0.2205450830727017,0.1056732034570144,0.5214823823539229,0.6770228831739868,0.7768090266676229,0.21160084009170532
mica,MICA-Late,cd731bb0abe3dca3ebaa8a3e5346eeff74270f75,2,1312,0.20239900862884222,0.1969381414445479,0.10921734750032175,0.5365798710663833,0.69031213051028,0.7891453430855319,0.20534364879131317
mica,MICA-Late,cd731bb0abe3dca3ebaa8a3e5346eeff74270f75,3,1968,0.19342323154174107,0.18791194158828295,0.11022579853997147,0.5416562262046256,0.6945685675984937,0.7922542977011173,0.20245981216430664
mica,MICA-Late,cd731bb0abe3dca3ebaa8a3e5346eeff74270f75,4,2624,0.18606871258105526,0.18051113300781957,0.11115159175239467,0.5391402196943891,0.6920498456486992,0.7898979915194181,0.20564866065979004
mica,MICA-Late,cd731bb0abe3dca3ebaa8a3e5346eeff74270f75,5,3280,0.1795178703052412,0.17391198452156145,0.11211771560682447,0.533895678037469,0.6877375997087118,0.7837227687117078,0.2102598249912262
mica,MICA-Late,cd731bb0abe3dca3ebaa8a3e5346eeff74270f75,6,3936,0.17335140953863845,0.16771214602332016,0.11278526886298916,0.5293835408615889,0.6838037707892326,0.7803165758172876,0.21691113710403442
mica,MICA-Late,cd731bb0abe3dca3ebaa8a3e5346eeff74270f75,7,4592,0.167094587585028,0.16143025148300166,0.11328672084718337,0.5240528043445718,0.6792543565592999,0.7744007375453912,0.2251993864774704
mica,MICA-Late,cd731bb0abe3dca3ebaa8a3e5346eeff74270f75,8,5248,0.1611690403312368,0.15546174879148653,0.11414583387567745,0.5201299923778259,0.6755581468844312,0.7713831441128498,0.2322419285774231
mica,MICA-Late,cd731bb0abe3dca3ebaa8a3e5346eeff74270f75,9,5904,0.15548716573580418,0.14974989302989833,0.11474545938232308,0.5136481712938357,0.6696120129746352,0.7635779424106137,0.24546025693416595
mica,MICA-Late,cd731bb0abe3dca3ebaa8a3e5346eeff74270f75,10,6560,0.15019865684649525,0.14442758714491288,0.11542139178702575,0.5101517618758468,0.6665501495568076,0.7607364894066642,0.2502537667751312
mica,MICA-Late,cd731bb0abe3dca3ebaa8a3e5346eeff74270f75,11,7216,0.14521619826143264,0.13941902048947621,0.11594355886785918,0.5082175218215942,0.6647720008113611,0.7558377807408682,0.2633873224258423
mica,MICA-Late,cd731bb0abe3dca3ebaa8a3e5346eeff74270f75,12,7872,0.14084973894517816,0.1350376611982677,0.11624155197189924,0.5036490987430554,0.660806974304144,0.7512258064032448,0.27714282274246216
mica,MICA-Late,cd731bb0abe3dca3ebaa8a3e5346eeff74270f75,13,8528,0.1363366342727967,0.1304916352380253,0.11689997880880934,0.503707174449741,0.6611820693983446,0.748110046884355,0.28178080916404724
mica,MICA-Late,cd731bb0abe3dca3ebaa8a3e5346eeff74270f75,14,9184,0.13256753424220002,0.12669175685614145,0.11751554556889215,0.4988561336146222,0.656606855719639,0.7473256623221514,0.28979650139808655
mica,MICA-Late,cd731bb0abe3dca3ebaa8a3e5346eeff74270f75,15,9840,0.12884071700872327,0.12295164784654693,0.11778138311424795,0.494209342750518,0.6525436104899376,0.7417612093601481,0.2986937463283539
mica,MICA-Late,cd731bb0abe3dca3ebaa8a3e5346eeff74270f75,16,10496,0.12556887597530378,0.11966200407947118,0.11813744086520393,0.5014223996925637,0.6588711752996018,0.744630126170664,0.30309829115867615
mica,MICA-Late,cd731bb0abe3dca3ebaa8a3e5346eeff74270f75,17,11152,0.12230072177386123,0.11636976333009537,0.11861917406991117,0.49580953798407396,0.6536855452824291,0.7399160773246931,0.3187691271305084
mica,MICA-Late,cd731bb0abe3dca3ebaa8a3e5346eeff74270f75,18,11808,0.11945274336564891,0.11351504792421219,0.1187539080374347,0.49062430745581764,0.6490925853610534,0.734973968451281,0.32311323285102844
mica,MICA-Late,cd731bb0abe3dca3ebaa8a3e5346eeff74270f75,19,12464,0.11675886245047878,0.1108040418960662,0.11909641250321586,0.48880113894518884,0.6475188273582624,0.7343544268693066,0.34608665108680725
mica,MICA-Late,cd731bb0abe3dca3ebaa8a3e5346eeff74270f75,20,13120,0.11414565575288765,0.10817562997844064,0.11940051620494582,0.486082742639241,0.6446838656470237,0.7312002523193011,0.3455657362937927
mica,MICA-Late,cd731bb0abe3dca3ebaa8a3e5346eeff74270f75,21,13776,0.11198694686542897,0.1059897722357994,0.11994349209820648,0.48888495042817826,0.647383539039246,0.7320164097231968,0.35160428285598755
mica,MICA-Late,cd731bb0abe3dca3ebaa8a3e5346eeff74270f75,22,14432,0.10925216819540154,0.10324425160862127,0.12015833020201742,0.4865857530603318,0.6452150688046664,0.7310661366349076,0.3616681396961212
mica,MICA-Late,cd731bb0abe3dca3ebaa8a3e5346eeff74270f75,23,15088,0.10758294222102355,0.10157569764763194,0.12014489174272734,0.48629458270463666,0.6450099211620052,0.7307990080270544,0.36897674202919006
mica,MICA-Late,cd731bb0abe3dca3ebaa8a3e5346eeff74270f75,24,15744,0.10552724150430941,0.09949816921092794,0.12058144287432737,0.48512729770591057,0.6435372608730452,0.7287106744434377,0.3768444061279297
mica,MICA-Late,cd731bb0abe3dca3ebaa8a3e5346eeff74270f75,25,16400,0.10352928115845023,0.09749376622748472,0.12071029842965357,0.4842292370329048,0.6428837702814534,0.729514381910524,0.38940227031707764
mica,MICA-Late,cd731bb0abe3dca3ebaa8a3e5346eeff74270f75,26,17056,0.10216404113196499,0.09611900540033051,0.1209007152471191,0.48104697049265965,0.6400490136741023,0.7255709904022217,0.39162617921829224
mica,MICA-Late,cd731bb0abe3dca3ebaa8a3e5346eeff74270f75,27,17712,0.1002127680966938,0.09415717677968237,0.1211118250921907,0.4832361848878633,0.6423718985921637,0.7285514185533588,0.401353120803833
mica,MICA-Late,cd731bb0abe3dca3ebaa8a3e5346eeff74270f75,28,18368,0.09849611617996258,0.09242602395328306,0.12140184351782836,0.4820793420444233,0.6409791033678546,0.7259130025189567,0.40191417932510376
mica,MICA-Late,cd731bb0abe3dca3ebaa8a3e5346eeff74270f75,29,19024,0.09670276337869971,0.09063130968254507,0.12142907340952888,0.47909234120926103,0.6382940244616225,0.7245575772391091,0.4139493405818939
mica,MICA-Late,cd731bb0abe3dca3ebaa8a3e5346eeff74270f75,30,19680,0.0955912444485883,0.0895094286122294,0.12163631311305338,0.47933169320983243,0.6383969027424861,0.7243163563051854,0.41976436972618103
mica,MICA-Late,cd731bb0abe3dca3ebaa8a3e5346eeff74270f75,31,20336,0.0938561426489673,0.08776928022161477,0.1217372487004804,0.4809109385390019,0.6400570318071804,0.7252268030312649,0.41744905710220337
mica,MICA-Late,cd731bb0abe3dca3ebaa8a3e5346eeff74270f75,32,20992,0.0922704814880055,0.086162027541613,0.12216907987613129,0.47884636678287845,0.637849764130256,0.7210169130479969,0.4249349534511566
mica,MICA-Late,cd731bb0abe3dca3ebaa8a3e5346eeff74270f75,33,21648,0.09132571766252956,0.0852281226642378,0.12195189957941939,0.47699010902593475,0.636736501660628,0.7213012849199766,0.4388374984264374
mica,MICA-Late,cd731bb0abe3dca3ebaa8a3e5346eeff74270f75,34,22304,0.09003380771638644,0.08391044046085185,0.12246734703850935,0.47819014150452405,0.6376679130495764,0.7202297008428481,0.44503054022789
mica,MICA-Late,cd731bb0abe3dca3ebaa8a3e5346eeff74270f75,35,22960,0.08864060722505276,0.08251066948582417,0.12259875429373858,0.47720290712621727,0.6368554159830544,0.7223429364851144,0.43012750148773193
mica,MICA-Late,cd731bb0abe3dca3ebaa8a3e5346eeff74270f75,36,23616,0.08698265724234296,0.080855499556316,0.12254315622940067,0.4771257766405319,0.6368859509148661,0.7213883807284325,0.4453206956386566
mica,MICA-Late,cd731bb0abe3dca3ebaa8a3e5346eeff74270f75,37,24272,0.08627380671640042,0.08012785668075455,0.12291900039540311,0.47606277302466515,0.6358214998006547,0.7191701591821164,0.4603836238384247
mica,MICA-Late,cd731bb0abe3dca3ebaa8a3e5346eeff74270f75,38,24928,0.08513279717363363,0.07898188547466285,0.1230182364918288,0.47428431939906257,0.6340306917534679,0.7192032436156898,0.4585742652416229
mica,MICA-Late,cd731bb0abe3dca3ebaa8a3e5346eeff74270f75,39,25584,0.08407807261084156,0.07792128587299857,0.12313573776934052,0.47783206467995964,0.6372858405555858,0.7220043272393512,0.4687452018260956
mica,MICA-Late,cd731bb0abe3dca3ebaa8a3e5346eeff74270f75,40,26240,0.08308838421864395,0.07692797009577707,0.12320828409321213,0.47577659536103367,0.6352937147662586,0.7171304344668437,0.47974634170532227
mica,MICA-Late,cd731bb0abe3dca3ebaa8a3e5346eeff74270f75,41,26896,0.08209604188687628,0.075937718590559,0.12316646443821816,0.47756229221542645,0.636910412473591,0.7199636318108646,0.46860551834106445
mica,MICA-Late,cd731bb0abe3dca3ebaa8a3e5346eeff74270f75,42,27552,0.08108971014353213,0.07491601377424424,0.1234739249536109,0.4744622184739527,0.6340684322127018,0.7140290500430976,0.4771970510482788
mica,MICA-Late,cd731bb0abe3dca3ebaa8a3e5346eeff74270f75,43,28208,0.08040293556004009,0.07422721364077854,0.12351443641905631,0.47684479297701965,0.6362821815158035,0.7189483439848531,0.49547499418258667
mica,MICA-Late,cd731bb0abe3dca3ebaa8a3e5346eeff74270f75,44,28864,0.07937021154172655,0.07318391390936835,0.12372595332197107,0.47737230603142744,0.6368972486235289,0.7190615686184852,0.4924086332321167
mica,MICA-Late,cd731bb0abe3dca3ebaa8a3e5346eeff74270f75,45,29520,0.07818359279711556,0.07198998844379782,0.12387208754227129,0.47813702071571584,0.6375723035727915,0.7192628961560097,0.4785182774066925
mica,MICA-Late,cd731bb0abe3dca3ebaa8a3e5346eeff74270f75,46,30176,0.07761952841727406,0.07142336424363786,0.12392328463481282,0.4751065986317039,0.6346106743984982,0.7179681083281175,0.49651405215263367
mica,MICA-Late,cd731bb0abe3dca3ebaa8a3e5346eeff74270f75,47,30832,0.07694870446845839,0.07075081723032307,0.1239577459929862,0.47333821469857107,0.6325766626201165,0.7146972391362387,0.505328893661499
mica,MICA-Late,cd731bb0abe3dca3ebaa8a3e5346eeff74270f75,48,31488,0.07572050922884024,0.06951346700438009,0.12414084143765446,0.47150117242669415,0.6311886152472407,0.7160096617488961,0.5112091898918152
mica,MICA-Late,cd731bb0abe3dca3ebaa8a3e5346eeff74270f75,49,32144,0.07522716652930482,0.0690303191198829,0.12393694603331767,0.4751453150948008,0.6346777679377624,0.7170447111392031,0.5018825531005859
mica,MICA-Late,cd731bb0abe3dca3ebaa8a3e5346eeff74270f75,50,32800,0.07427095180003201,0.06806088842018986,0.12420126819067341,0.47225399259304585,0.6318868732179835,0.7162921862825798,0.5121809840202332
mica,MICA-Late,cd731bb0abe3dca3ebaa8a3e5346eeff74270f75,51,33456,0.07390185995195236,0.06767585659725489,0.12452006829013383,0.4741656969538832,0.6335425441500775,0.7178351845235015,0.5139864087104797
mica,MICA-Late,cd731bb0abe3dca3ebaa8a3e5346eeff74270f75,52,34112,0.07313548694752296,0.06692259292312613,0.12425788197677416,0.47466119038143717,0.6340729544113622,0.7152861622529669,0.502031147480011
mica,MICA-Late,cd731bb0abe3dca3ebaa8a3e5346eeff74270f75,53,34768,0.07254587586435329,0.06632058741307278,0.12450576772429785,0.47285825090495565,0.6326499302388329,0.7159392985670032,0.5104033350944519
mica,MICA-Late,cd731bb0abe3dca3ebaa8a3e5346eeff74270f75,54,35424,0.07128998589678777,0.06505557500086644,0.12468821621933342,0.473032919832812,0.6327197472452627,0.7150835969025973,0.5155572295188904
mica,MICA-Late,cd731bb0abe3dca3ebaa8a3e5346eeff74270f75,55,36080,0.07059892983704916,0.06436420881577154,0.12469441789111915,0.47674810041737564,0.6362159925441029,0.7195304360170597,0.5188994407653809
mica,MICA-Late,cd731bb0abe3dca3ebaa8a3e5346eeff74270f75,56,36736,0.07045187674116868,0.06421757730881698,0.12468598886865465,0.4738770616596994,0.6332495027280209,0.7156001991595251,0.5187165141105652
mica,MICA-Late,cd731bb0abe3dca3ebaa8a3e5346eeff74270f75,57,37392,0.06961927185344201,0.06336942425343792,0.1249969546538493,0.4758287409652773,0.6354545632587708,0.7199958548865597,0.5185742378234863
mica,MICA-Late,cd731bb0abe3dca3ebaa8a3e5346eeff74270f75,58,38048,0.06933533422104089,0.06308753857230513,0.12495591340872271,0.470850885674941,0.6305902415492783,0.7139953714467462,0.5298586487770081
mica,MICA-Late,cd731bb0abe3dca3ebaa8a3e5346eeff74270f75,59,38704,0.06852419186972698,0.06227132270945665,0.1250573833943527,0.47412621130910454,0.6335477569609915,0.7171569474451363,0.5485286116600037
mica,MICA-Late,cd731bb0abe3dca3ebaa8a3e5346eeff74270f75,60,39360,0.06786779526666209,0.06161759402405796,0.12500402478389147,0.4755974937705941,0.6355543948209389,0.7179619760030489,0.5266745090484619
mica-v2,Core,9aba7ba1070bda24be5541723c4870e64ee3fa77,1,656,0.2258553410286171,0.22057116875652819,0.10568344207484634,0.5222223411606653,0.6777874818046532,0.7773796774143529,0.21158185601234436
mica-v2,Core,9aba7ba1070bda24be5541723c4870e64ee3fa77,2,1312,0.20236760614989813,0.19690679911151493,0.1092161350580857,0.5361206255400166,0.6898716560474787,0.7890988006183267,0.20533475279808044
mica-v2,Core,9aba7ba1070bda24be5541723c4870e64ee3fa77,3,1968,0.1933994024185062,0.18788799874939857,0.11022807005997075,0.5422441561252869,0.6950055191031947,0.7927301263294768,0.20248271524906158
mica-v2,Core,9aba7ba1070bda24be5541723c4870e64ee3fa77,4,2624,0.18599623535174706,0.18043690692430592,0.11118656831299546,0.5390920660822011,0.6918528742674135,0.7895906574817885,0.205556258559227
mica-v2,Core,9aba7ba1070bda24be5541723c4870e64ee3fa77,5,3280,0.17947695250364104,0.17386943253750045,0.11215040061986188,0.5344110933092018,0.6882106033532162,0.7840590257286169,0.21091458201408386
mica-v2,Core,9aba7ba1070bda24be5541723c4870e64ee3fa77,6,3936,0.17334826929756314,0.1677075356730902,0.1128146717649293,0.5309786065180504,0.6850759307562109,0.780400611671976,0.21675211191177368
mica-v2,Core,9aba7ba1070bda24be5541723c4870e64ee3fa77,7,4592,0.16708884668572976,0.1614265688007332,0.11324556135809652,0.523717253784172,0.6790999076916232,0.7742213955811137,0.22491322457790375
mica-v2,Core,9aba7ba1070bda24be5541723c4870e64ee3fa77,8,5248,0.16133053904380273,0.15562026691239014,0.11420544610528453,0.5219411353483415,0.6770794279342653,0.7709154180723041,0.23211869597434998
mica-v2,Core,9aba7ba1070bda24be5541723c4870e64ee3fa77,9,5904,0.155610618794802,0.14986682408192284,0.11487589634806472,0.5132580125433529,0.6694872819064548,0.7630556227917179,0.24498146772384644
mica-v2,Core,9aba7ba1070bda24be5541723c4870e64ee3fa77,10,6560,0.1504020953794398,0.1446337758648076,0.11536639136807322,0.5140204922899992,0.6700600037145554,0.7620423045563766,0.25111210346221924
mica-v2,Core,9aba7ba1070bda24be5541723c4870e64ee3fa77,11,7216,0.14525776383095787,0.1394528759206054,0.11609775972572042,0.5075003578388326,0.6641313154891098,0.7543331703914694,0.2663731276988983
mica-v2,Core,9aba7ba1070bda24be5541723c4870e64ee3fa77,12,7872,0.14085260485088943,0.13503327993438996,0.11638650303659112,0.5040544676188682,0.6610894633454487,0.7503337671427494,0.27660802006721497
mica-v2,Core,9aba7ba1070bda24be5541723c4870e64ee3fa77,13,8528,0.13651420792589788,0.13067585387423356,0.11676708329069409,0.502209518200804,0.6596414133246423,0.7478869895627344,0.28568992018699646
mica-v2,Core,9aba7ba1070bda24be5541723c4870e64ee3fa77,14,9184,0.13299000417780452,0.1270989560820386,0.11782096413578862,0.49982960031308227,0.6571691950842986,0.7469305973443315,0.2924274206161499
mica-v2,Core,9aba7ba1070bda24be5541723c4870e64ee3fa77,15,9840,0.12889457557949555,0.12300904845558366,0.11771054917232406,0.49950557574788323,0.6570802607897696,0.74418370897202,0.30165091156959534
mica-v2,Core,9aba7ba1070bda24be5541723c4870e64ee3fa77,16,10496,0.1258632383508284,0.119947763619983,0.11830949605886447,0.499639309065917,0.6570084916131743,0.7434634737487069,0.31469836831092834
mica-v2,Core,9aba7ba1070bda24be5541723c4870e64ee3fa77,17,11152,0.12256331724691055,0.11663813957146642,0.11850355655616931,0.4967755362304453,0.6543810905321927,0.7409103676449569,0.31749558448791504
mica-v2,Core,9aba7ba1070bda24be5541723c4870e64ee3fa77,18,11808,0.11969545049936826,0.11376036238608978,0.11870176205105226,0.49209011640823935,0.6500628726154793,0.7356406282158714,0.3288057744503021
mica-v2,Core,9aba7ba1070bda24be5541723c4870e64ee3fa77,19,12464,0.11680780317208506,0.11083581476241552,0.119439766644886,0.4889592264169251,0.6473520203004117,0.7315105839293092,0.3493691086769104
mica-v2,Core,9aba7ba1070bda24be5541723c4870e64ee3fa77,20,13120,0.11467935761035665,0.10871117111355484,0.11936373158966873,0.4879016731681092,0.6463385996796358,0.7318561076244702,0.3436857759952545
mica-v2,Core,9aba7ba1070bda24be5541723c4870e64ee3fa77,21,13776,0.11204775793245085,0.10605637314552256,0.11982769655685814,0.4872153635932148,0.6454086225966567,0.7317024760888519,0.3588736951351166
mica-v2,Core,9aba7ba1070bda24be5541723c4870e64ee3fa77,22,14432,0.10965610400661975,0.10365621155307772,0.11999784805294737,0.48968318044031384,0.6478823526356375,0.7338555769069164,0.3625783920288086
mica-v2,Core,9aba7ba1070bda24be5541723c4870e64ee3fa77,23,15088,0.10761905151635724,0.10160456536148965,0.12028972376931758,0.48976699489110076,0.6481555953733124,0.731980353453572,0.3695356249809265
mica-v2,Core,9aba7ba1070bda24be5541723c4870e64ee3fa77,24,15744,0.10566367145667871,0.0996279137081022,0.12071515616629369,0.4863744036304229,0.6450711785644924,0.7273970738861905,0.3857969045639038
mica-v2,Core,9aba7ba1070bda24be5541723c4870e64ee3fa77,25,16400,0.10370278135417971,0.09766653953522333,0.12072483721446782,0.48348083746890097,0.6422899689858108,0.7284897656831454,0.3898305594921112
mica-v2,Core,9aba7ba1070bda24be5541723c4870e64ee3fa77,26,17056,0.10206983258844911,0.09602914259245425,0.12081380018413732,0.4853610625539913,0.6442100733328819,0.7281821767773363,0.39546677470207214
mica-v2,Core,9aba7ba1070bda24be5541723c4870e64ee3fa77,27,17712,0.10024680907278045,0.09419730087673486,0.12099016409849277,0.4866817356326004,0.6454234353319696,0.7288731466492681,0.39522406458854675
mica-v2,Core,9aba7ba1070bda24be5541723c4870e64ee3fa77,28,18368,0.09858059312230878,0.0925187676021273,0.12123650948376113,0.48380863549109615,0.6425928135011515,0.7283488844137159,0.41474148631095886
mica-v2,Core,9aba7ba1070bda24be5541723c4870e64ee3fa77,29,19024,0.0970596839997991,0.09097641432494996,0.12166539233986604,0.4818260858102724,0.6406868861873857,0.7249300045402026,0.41405269503593445
mica-v2,Core,9aba7ba1070bda24be5541723c4870e64ee3fa77,30,19680,0.0956058986943163,0.08950940306332264,0.1219299169741546,0.48332550344136527,0.6419210721308228,0.7252017782731092,0.41931572556495667
mica-v2,Core,9aba7ba1070bda24be5541723c4870e64ee3fa77,31,20336,0.09417437337603875,0.08808599704810305,0.12176752220869451,0.4782530917580115,0.6372423976614547,0.7228280488295904,0.4342650771141052
mica-v2,Core,9aba7ba1070bda24be5541723c4870e64ee3fa77,32,20992,0.0926302912757717,0.08651613511996792,0.1222831233653989,0.47915285583887196,0.6381737161566873,0.7214538930890164,0.4351921081542969
mica-v2,Core,9aba7ba1070bda24be5541723c4870e64ee3fa77,33,21648,0.09142341927036292,0.08533403464709398,0.12178769397126422,0.4792829177352878,0.6384192725822552,0.7245228888387907,0.4381495714187622
mica-v2,Core,9aba7ba1070bda24be5541723c4870e64ee3fa77,34,22304,0.08996191709901256,0.08383759420156615,0.12248645923177215,0.47423273504089064,0.633746536261329,0.7192395584470463,0.4511913061141968
mica-v2,Core,9aba7ba1070bda24be5541723c4870e64ee3fa77,35,22960,0.0887299516738251,0.0825988818661468,0.12262139369442665,0.4787790336161735,0.6381491198978326,0.7205489735070476,0.4355473518371582
mica-v2,Core,9aba7ba1070bda24be5541723c4870e64ee3fa77,36,23616,0.08769156540391419,0.08156284726413875,0.12257436296243505,0.4816784034489151,0.6406970373755247,0.7235570139937011,0.44816410541534424
mica-v2,Core,9aba7ba1070bda24be5541723c4870e64ee3fa77,37,24272,0.08601615539507684,0.07988015563787593,0.12271999543667157,0.48098802558512216,0.6401443313451418,0.7221230860708915,0.46097490191459656
mica-v2,Core,9aba7ba1070bda24be5541723c4870e64ee3fa77,38,24928,0.08568722124162922,0.0795333105607271,0.12307821620646031,0.4771317053531896,0.6364155129393586,0.7226750430730344,0.4549258351325989
mica-v2,Core,9aba7ba1070bda24be5541723c4870e64ee3fa77,39,25584,0.08421369175052766,0.07805366405487538,0.1232005556348691,0.4777433422092204,0.6372551325948472,0.719014025332997,0.4715827405452728
mica-v2,Core,9aba7ba1070bda24be5541723c4870e64ee3fa77,40,26240,0.08379300106386062,0.07764112951431275,0.12303743092276619,0.4776744563152195,0.6370458200539928,0.7182979351360602,0.4742017090320587
mica-v2,Core,9aba7ba1070bda24be5541723c4870e64ee3fa77,41,26896,0.08236781839735573,0.076217932788026,0.12299771065726864,0.4770639374354432,0.6366935738448389,0.7197679782720928,0.4718334376811981
mica-v2,Core,9aba7ba1070bda24be5541723c4870e64ee3fa77,42,27552,0.08145878313039845,0.0752798641356775,0.12357837978929113,0.47538105641720485,0.6344134199065302,0.7165901669364935,0.47435110807418823
mica-v2,Core,9aba7ba1070bda24be5541723c4870e64ee3fa77,43,28208,0.08057575249973965,0.07438766141979253,0.12376182032888458,0.47812675531057236,0.637569408393408,0.7202652842665378,0.49009761214256287
mica-v2,Core,9aba7ba1070bda24be5541723c4870e64ee3fa77,44,28864,0.07937152016812392,0.07318565943286807,0.12371721781349146,0.4774755816170506,0.6367226184722673,0.718750922857582,0.49234339594841003
mica-v2,Core,9aba7ba1070bda24be5541723c4870e64ee3fa77,45,29520,0.0784110913104831,0.0722248627321999,0.12372457173187952,0.48054644760551035,0.6399301757083614,0.721357004452278,0.49333181977272034
mica-v2,Core,9aba7ba1070bda24be5541723c4870e64ee3fa77,46,30176,0.07785333170868873,0.07164867188639791,0.12409319725700574,0.4795767439742595,0.6387694312273968,0.7218497840481365,0.4993651509284973
mica-v2,Core,9aba7ba1070bda24be5541723c4870e64ee3fa77,47,30832,0.0768993301435187,0.0706956032022517,0.12407453751550387,0.4750842251266308,0.6345073180666806,0.7188060351127994,0.5052990317344666
mica-v2,Core,9aba7ba1070bda24be5541723c4870e64ee3fa77,48,31488,0.07624130408874583,0.0700295587820654,0.12423490704708416,0.4785045551136773,0.6377931074456344,0.7198157574760777,0.5061440467834473
mica-v2,Core,9aba7ba1070bda24be5541723c4870e64ee3fa77,49,32144,0.07553843821591856,0.0693181423781677,0.12440591398901817,0.47566657271345764,0.635471096007206,0.7183653233936665,0.5113755464553833
mica-v2,Core,9aba7ba1070bda24be5541723c4870e64ee3fa77,50,32800,0.07484929320701755,0.06863586262787635,0.1242686148687795,0.47588532943947615,0.6355702136692963,0.7167080585139135,0.5146250128746033
mica-v2,Core,9aba7ba1070bda24be5541723c4870e64ee3fa77,51,33456,0.07425979338390991,0.06804058341021214,0.12438419972327885,0.4762521106056223,0.6357780648434357,0.7167778485307104,0.5197804570198059
mica-v2,Core,9aba7ba1070bda24be5541723c4870e64ee3fa77,52,34112,0.07360706941274979,0.06738263311354513,0.12448872493423535,0.47814310483832834,0.6374759035322882,0.717379883938976,0.5151686072349548
mica-v2,Core,9aba7ba1070bda24be5541723c4870e64ee3fa77,53,34768,0.07294848228997709,0.06672305088827296,0.12450862856256302,0.47616245539250746,0.6357226135371263,0.7161646999441882,0.5205157399177551
mica-v2,Core,9aba7ba1070bda24be5541723c4870e64ee3fa77,54,35424,0.07188955347799279,0.0656558800734127,0.12467346909031626,0.4741082889098331,0.633947403712559,0.7165966491948941,0.527023434638977
mica-v2,Core,9aba7ba1070bda24be5541723c4870e64ee3fa77,55,36080,0.07125137057107424,0.06501452504469062,0.12473691044527487,0.4762585864587123,0.6364393775977387,0.7178581279450107,0.5358757376670837
mica-v2,Core,9aba7ba1070bda24be5541723c4870e64ee3fa77,56,36736,0.07081512623519026,0.06458115173239694,0.12467948795188905,0.4724202046191785,0.6321265920822503,0.713655728744967,0.5319273471832275
mica-v2,Core,9aba7ba1070bda24be5541723c4870e64ee3fa77,57,37392,0.0697293797548193,0.06348466716542668,0.12489424999357576,0.4786281018801527,0.638043839464745,0.7192223671358862,0.5367318391799927
mica-v2,Core,9aba7ba1070bda24be5541723c4870e64ee3fa77,58,38048,0.06917963246790489,0.06292334017961357,0.12512584327472293,0.4715326957831854,0.631248299305627,0.7133259253801248,0.5491612553596497
mica-v2,Core,9aba7ba1070bda24be5541723c4870e64ee3fa77,59,38704,0.0692445710663664,0.062987680887273,0.12513779939451258,0.47527820552973854,0.6349316835550326,0.7180445552764819,0.5531919598579407
mica-v2,Core,9aba7ba1070bda24be5541723c4870e64ee3fa77,60,39360,0.06830733488090546,0.06204900591897833,0.12516657883223775,0.4740902602140073,0.6338637160545393,0.7145235242314353,0.5402646064758301
mica-v2,FineHistory,9aba7ba1070bda24be5541723c4870e64ee3fa77,1,656,0.22737171653143523,0.22209365180193588,0.10556130107097624,0.5215536086331968,0.6773695714609371,0.7750774327528523,0.21239759027957916
mica-v2,FineHistory,9aba7ba1070bda24be5541723c4870e64ee3fa77,2,1312,0.2022423413787696,0.19677317411699086,0.10938335095722872,0.5376644130909444,0.691337814396368,0.7881111645551221,0.2052956223487854
mica-v2,FineHistory,9aba7ba1070bda24be5541723c4870e64ee3fa77,3,1968,0.19249373196771344,0.18696768870826716,0.11052086878031996,0.545571258751279,0.6980125482651623,0.79358009094393,0.20184366405010223
mica-v2,FineHistory,9aba7ba1070bda24be5541723c4870e64ee3fa77,4,2624,0.18512162437758553,0.17954870639515397,0.1114583598311846,0.5432761712956291,0.6956085137629224,0.7908135645010558,0.2047654688358307
mica-v2,FineHistory,9aba7ba1070bda24be5541723c4870e64ee3fa77,5,3280,0.17861285761235973,0.17299320975321925,0.11239295593477179,0.537338609052414,0.690637882351368,0.7863435616171891,0.20965182781219482
mica-v2,FineHistory,9aba7ba1070bda24be5541723c4870e64ee3fa77,6,3936,0.17247683406217115,0.16682641175496976,0.11300844823237835,0.5315197035265872,0.6854769683458619,0.7795085191611701,0.21592670679092407
mica-v2,FineHistory,9aba7ba1070bda24be5541723c4870e64ee3fa77,7,4592,0.16640594541821946,0.16073706805910598,0.11337754723057186,0.5270877842409081,0.6817765447991421,0.7749973355884934,0.22268643975257874
mica-v2,FineHistory,9aba7ba1070bda24be5541723c4870e64ee3fa77,8,5248,0.1607288496545891,0.15502169635795027,0.11414305821156318,0.5225571999249556,0.6774204283037304,0.770140252363896,0.2310030162334442
mica-v2,FineHistory,9aba7ba1070bda24be5541723c4870e64ee3fa77,9,5904,0.15492034125503087,0.1491772584529768,0.11486166202839593,0.5156098460305618,0.6716184360115994,0.7638209840974323,0.24290992319583893
mica-v2,FineHistory,9aba7ba1070bda24be5541723c4870e64ee3fa77,10,6560,0.14999602045460758,0.14421921729507342,0.1155360628696174,0.5138924519650436,0.670261392196343,0.7624445930205654,0.2500697672367096
mica-v2,FineHistory,9aba7ba1070bda24be5541723c4870e64ee3fa77,11,7216,0.14486046961105317,0.1390668222209566,0.1158729502766975,0.5112669935178055,0.6676099468813903,0.7581569197737807,0.25809627771377563
mica-v2,FineHistory,9aba7ba1070bda24be5541723c4870e64ee3fa77,12,7872,0.1404577202918089,0.13464269988733907,0.11630040844313716,0.5071638619218327,0.6634946027117411,0.751229134249109,0.270155668258667
mica-v2,FineHistory,9aba7ba1070bda24be5541723c4870e64ee3fa77,13,8528,0.13610560242191422,0.13026739850417254,0.11676407903958486,0.5033207451661165,0.6604596128362381,0.7469162735907589,0.28509005904197693
mica-v2,FineHistory,9aba7ba1070bda24be5541723c4870e64ee3fa77,14,9184,0.13220300733196416,0.12633138235996877,0.11743249763568689,0.5017286871443345,0.6591887097714858,0.7473676284383571,0.2905982732772827
mica-v2,FineHistory,9aba7ba1070bda24be5541723c4870e64ee3fa77,15,9840,0.12861407102248226,0.12272107606848358,0.11785989309265885,0.5006621872675321,0.6581529315316683,0.7455065879121798,0.298031210899353
mica-v2,FineHistory,9aba7ba1070bda24be5541723c4870e64ee3fa77,16,10496,0.12534369899224412,0.11943422813515087,0.11818941290691795,0.49911289597614444,0.6568358540035819,0.7430749576889586,0.3066597878932953
mica-v2,FineHistory,9aba7ba1070bda24be5541723c4870e64ee3fa77,17,11152,0.1219821724312948,0.1160591947065203,0.11845955198165606,0.4961439777715851,0.6541979122777953,0.7409467373012031,0.3205445408821106
mica-v2,FineHistory,9aba7ba1070bda24be5541723c4870e64ee3fa77,18,11808,0.1194792218497102,0.11354283516608063,0.1187277288139804,0.49491069104349594,0.6527079854789755,0.7396772900049716,0.31846916675567627
mica-v2,FineHistory,9aba7ba1070bda24be5541723c4870e64ee3fa77,19,12464,0.11640455757984046,0.11044526204576209,0.11918591186283473,0.4881508725023835,0.6466286907736807,0.7344313020565109,0.3432638347148895
mica-v2,FineHistory,9aba7ba1070bda24be5541723c4870e64ee3fa77,20,13120,0.11368775644265659,0.10770811154246501,0.11959289820059113,0.49022529304423607,0.6487406259482047,0.7352202432869327,0.35221943259239197
mica-v2,FineHistory,9aba7ba1070bda24be5541723c4870e64ee3fa77,21,13776,0.1115784023689785,0.10558776849459416,0.11981267507969111,0.4891869943146946,0.6476255508286846,0.7324678379246832,0.3504398465156555
mica-v2,FineHistory,9aba7ba1070bda24be5541723c4870e64ee3fa77,22,14432,0.10937932837320835,0.10339021253135755,0.11978231668287606,0.48834743998046676,0.6467331775562785,0.7312890713060124,0.355604887008667
mica-v2,FineHistory,9aba7ba1070bda24be5541723c4870e64ee3fa77,23,15088,0.10707370307311076,0.10106241601599286,0.12022574022817184,0.48504991698119426,0.6435058593399093,0.7286793725824061,0.3718792796134949
mica-v2,FineHistory,9aba7ba1070bda24be5541723c4870e64ee3fa77,24,15744,0.10475608836889654,0.09873443626848323,0.1204330410081309,0.4886066070303267,0.6469414081645622,0.7303235738855263,0.37219512462615967
mica-v2,FineHistory,9aba7ba1070bda24be5541723c4870e64ee3fa77,25,16400,0.10280662064574356,0.09677253395250794,0.12068173296828438,0.4831179797294667,0.6419045639879155,0.7275538532730091,0.39032453298568726
mica-v2,FineHistory,9aba7ba1070bda24be5541723c4870e64ee3fa77,26,17056,0.10136361904737094,0.09531852306043559,0.12090191923011553,0.4822944034960103,0.6411034994731593,0.7248908796286345,0.39208507537841797
mica-v2,FineHistory,9aba7ba1070bda24be5541723c4870e64ee3fa77,27,17712,0.0996343891903231,0.0935758643157035,0.12117049664284528,0.48633860408832436,0.6451479410076179,0.7272460482372265,0.4011956453323364
mica-v2,FineHistory,9aba7ba1070bda24be5541723c4870e64ee3fa77,28,18368,0.09780790145727458,0.09172558166432601,0.12164639449586108,0.4834567390849485,0.6424229041885829,0.7246517668260847,0.40949633717536926
mica-v2,FineHistory,9aba7ba1070bda24be5541723c4870e64ee3fa77,29,19024,0.09594034938435955,0.08986276290285791,0.12155173055629437,0.4818933223901666,0.6405001283826287,0.7224910102350034,0.41680672764778137
mica-v2,FineHistory,9aba7ba1070bda24be5541723c4870e64ee3fa77,30,19680,0.09456950223304396,0.0884785300259402,0.1218194454646972,0.4845696093180351,0.643381297824591,0.7274967136101702,0.42402535676956177
mica-v2,FineHistory,9aba7ba1070bda24be5541723c4870e64ee3fa77,31,20336,0.09354968231772658,0.0874539973459863,0.12191370026872524,0.48240685539187994,0.6412063526788265,0.7235179686253559,0.4168371558189392
mica-v2,FineHistory,9aba7ba1070bda24be5541723c4870e64ee3fa77,32,20992,0.09147059989263633,0.08535640525151872,0.1222838927946494,0.4827337475144887,0.6411825666596467,0.7230381567022741,0.434237003326416
mica-v2,FineHistory,9aba7ba1070bda24be5541723c4870e64ee3fa77,33,21648,0.09046059309518512,0.0843510637769243,0.12219058775034632,0.483752772434638,0.6424995078343817,0.7249002562987164,0.43351125717163086
mica-v2,FineHistory,9aba7ba1070bda24be5541723c4870e64ee3fa77,34,22304,0.08910491158043035,0.08296873689334265,0.12272349310672502,0.48030937251079325,0.6393595494774336,0.7208724487953715,0.4521019458770752
mica-v2,FineHistory,9aba7ba1070bda24be5541723c4870e64ee3fa77,35,22960,0.08806295319432719,0.08192830646298886,0.1226929341231473,0.4780475355054929,0.6368251492048718,0.7181285312927165,0.4511132836341858
mica-v2,FineHistory,9aba7ba1070bda24be5541723c4870e64ee3fa77,36,23616,0.08700334961432067,0.08086981713723518,0.1226706511470403,0.47932582917793815,0.6381669499672473,0.7209832904098317,0.4635588824748993
mica-v2,FineHistory,9aba7ba1070bda24be5541723c4870e64ee3fa77,37,24272,0.08520094727919206,0.07905100901502025,0.12299877037219181,0.48115996258393867,0.6405346039036512,0.7238597089646275,0.46733543276786804
mica-v2,FineHistory,9aba7ba1070bda24be5541723c4870e64ee3fa77,38,24928,0.08420251063886731,0.07804464666668845,0.12315727987971567,0.4792703807012206,0.6385893977212852,0.7206640652438129,0.4596896469593048
mica-v2,FineHistory,9aba7ba1070bda24be5541723c4870e64ee3fa77,39,25584,0.0830980045867439,0.0769384771962646,0.12319054988230908,0.4803916347435318,0.6395959866351751,0.7212913843589106,0.4721692204475403
mica-v2,FineHistory,9aba7ba1070bda24be5541723c4870e64ee3fa77,40,26240,0.08241416774537431,0.0762460522786236,0.12336230998993238,0.47971828122183774,0.6387743547687029,0.7191201072588532,0.47312280535697937
mica-v2,FineHistory,9aba7ba1070bda24be5541723c4870e64ee3fa77,41,26896,0.08132646150445902,0.0751589029844126,0.12335117186490432,0.47596311112208667,0.635481692486352,0.7182976640742925,0.47658658027648926
mica-v2,FineHistory,9aba7ba1070bda24be5541723c4870e64ee3fa77,42,27552,0.08052817837720785,0.07434258028326436,0.12371196546387156,0.47801134154383984,0.6371607070021604,0.7183991266152827,0.4781186282634735
mica-v2,FineHistory,9aba7ba1070bda24be5541723c4870e64ee3fa77,43,28208,0.07937413437008028,0.07319197908863574,0.12364310339563442,0.478962156134587,0.6379818724638371,0.7204063029670509,0.4928346574306488
mica-v2,FineHistory,9aba7ba1070bda24be5541723c4870e64ee3fa77,44,28864,0.0785289040757511,0.07234053285958508,0.12376742303905593,0.4765265920156132,0.6357136513355991,0.7202935038120549,0.48950621485710144
mica-v2,FineHistory,9aba7ba1070bda24be5541723c4870e64ee3fa77,45,29520,0.07742296399924943,0.07121793824612145,0.1241005143252441,0.4778821209708123,0.6372043269807668,0.7178658685976677,0.5051774382591248
mica-v2,FineHistory,9aba7ba1070bda24be5541723c4870e64ee3fa77,46,30176,0.07694510011140401,0.0707475568508554,0.12395086513283664,0.4815966677523025,0.6404369229190157,0.7204432236047972,0.4996162950992584
mica-v2,FineHistory,9aba7ba1070bda24be5541723c4870e64ee3fa77,47,30832,0.07620206582303587,0.07000262082967008,0.12398890011450824,0.4765277667063498,0.6358758872585851,0.7183604318514818,0.5054209232330322
mica-v2,FineHistory,9aba7ba1070bda24be5541723c4870e64ee3fa77,48,31488,0.07484866084103158,0.06863781543435604,0.1242169090597722,0.47772453460313885,0.636963314545829,0.7198185487373606,0.5121793746948242
mica-v2,FineHistory,9aba7ba1070bda24be5541723c4870e64ee3fa77,49,32144,0.07431025609241926,0.06809153297143755,0.12437446037248247,0.4787583653438536,0.6378843839656178,0.719256800979312,0.51488196849823
mica-v2,FineHistory,9aba7ba1070bda24be5541723c4870e64ee3fa77,50,32800,0.07362876861253291,0.06739599541268639,0.12465546550281578,0.47946203767010176,0.6387051913492884,0.7191062364746857,0.5147209167480469
mica-v2,FineHistory,9aba7ba1070bda24be5541723c4870e64ee3fa77,51,33456,0.07331517698886636,0.06709514026638322,0.12440073310928265,0.4798298078163296,0.6388773101217509,0.7199414209848131,0.5189216732978821
mica-v2,FineHistory,9aba7ba1070bda24be5541723c4870e64ee3fa77,52,34112,0.07206558594273275,0.06582911156664155,0.12472948795796258,0.4787153468989377,0.6379188414896826,0.7181163564743673,0.5144600868225098
mica-v2,FineHistory,9aba7ba1070bda24be5541723c4870e64ee3fa77,53,34768,0.0713384127868905,0.06510863300927522,0.12459559799155558,0.47901423861532244,0.6382152690651661,0.7196041159184259,0.5280308127403259
mica-v2,FineHistory,9aba7ba1070bda24be5541723c4870e64ee3fa77,54,35424,0.07093203042847195,0.06468206436572806,0.12499932190695463,0.478480396637474,0.6374223780260121,0.7175561871667532,0.5293329358100891
mica-v2,FineHistory,9aba7ba1070bda24be5541723c4870e64ee3fa77,55,36080,0.07012230910723788,0.06388408300510431,0.12476451889593934,0.4761842268319701,0.6355969718710088,0.7166772828415455,0.5272541046142578
mica-v2,FineHistory,9aba7ba1070bda24be5541723c4870e64ee3fa77,56,36736,0.0696156794582312,0.06336851466036193,0.12494329697598901,0.4752563496531286,0.6344794187025592,0.7155552902932507,0.5471502542495728
mica-v2,FineHistory,9aba7ba1070bda24be5541723c4870e64ee3fa77,57,37392,0.0686982731972469,0.062461172585969706,0.1247420124017041,0.47482559588120726,0.6343046929307198,0.7177470006312373,0.5332751870155334
mica-v2,FineHistory,9aba7ba1070bda24be5541723c4870e64ee3fa77,58,38048,0.06815456452670526,0.06188603120228505,0.12537066598336433,0.47333601023390215,0.6329862533830739,0.7166520299316235,0.5402272343635559
mica-v2,FineHistory,9aba7ba1070bda24be5541723c4870e64ee3fa77,59,38704,0.0672732972831105,0.06100770632324131,0.12531181922721754,0.4701740778385169,0.6296314760572006,0.7119542883188799,0.549490749835968
mica-v2,FineHistory,9aba7ba1070bda24be5541723c4870e64ee3fa77,60,39360,0.06713899206954356,0.060881566348271576,0.12514851353611503,0.4745671439864075,0.6341979376268053,0.7173664529658682,0.553080677986145
mica-v2,DualEvidence,9aba7ba1070bda24be5541723c4870e64ee3fa77,1,656,0.22626880681859105,0.22099001693144826,0.10557580146494966,0.5212658230460171,0.6773078086311477,0.7766104356247792,0.21149927377700806
mica-v2,DualEvidence,9aba7ba1070bda24be5541723c4870e64ee3fa77,2,1312,0.2031043775103342,0.1976528443500509,0.10903066292792965,0.5349882923667637,0.6887747198726122,0.787491926773059,0.20635439455509186
mica-v2,DualEvidence,9aba7ba1070bda24be5541723c4870e64ee3fa77,3,1968,0.1940469749705877,0.18854658625148388,0.11000777747979643,0.5417268233675497,0.6948955967935981,0.7902867857915612,0.20316752791404724
mica-v2,DualEvidence,9aba7ba1070bda24be5541723c4870e64ee3fa77,4,2624,0.1866676335322731,0.18111456785447286,0.11106131252461478,0.5389486165124139,0.6920132984262317,0.7873506179185229,0.20703169703483582
mica-v2,DualEvidence,9aba7ba1070bda24be5541723c4870e64ee3fa77,5,3280,0.1800747769203299,0.17448164191495158,0.11186269924168206,0.5330000131963876,0.6872242206886547,0.7817437050854495,0.2101161926984787
mica-v2,DualEvidence,9aba7ba1070bda24be5541723c4870e64ee3fa77,6,3936,0.173749291859315,0.16812048886681275,0.11257606496437227,0.5297738755374429,0.6839552174975972,0.7792789641607663,0.216078519821167
mica-v2,DualEvidence,9aba7ba1070bda24be5541723c4870e64ee3fa77,7,4592,0.1676297862285517,0.16197445041510064,0.11310671635141863,0.5192926164342289,0.674908060672271,0.7725263857184143,0.2259555608034134
mica-v2,DualEvidence,9aba7ba1070bda24be5541723c4870e64ee3fa77,8,5248,0.16163368004869036,0.1559397097450044,0.11387940395979673,0.5172109877977121,0.6730160127756234,0.7670002677839998,0.23502053320407867
mica-v2,DualEvidence,9aba7ba1070bda24be5541723c4870e64ee3fa77,9,5904,0.1559528254120988,0.1502279213234812,0.11449808074238303,0.5099912217353023,0.666621770680982,0.7601059563261431,0.2484777271747589
mica-v2,DualEvidence,9aba7ba1070bda24be5541723c4870e64ee3fa77,10,6560,0.1507973811461412,0.14502513507111692,0.11544492374581757,0.5113441277187415,0.6677556081933758,0.7596753979951767,0.25259003043174744
mica-v2,DualEvidence,9aba7ba1070bda24be5541723c4870e64ee3fa77,11,7216,0.14593757123865997,0.1401404527687506,0.11594236271546628,0.5083562585125719,0.6652146751189922,0.7553553712832712,0.2631172835826874
mica-v2,DualEvidence,9aba7ba1070bda24be5541723c4870e64ee3fa77,12,7872,0.14144177628161284,0.13563066228282317,0.11622227696118176,0.505206239570521,0.6621587653083181,0.751231992218522,0.2745186984539032
mica-v2,DualEvidence,9aba7ba1070bda24be5541723c4870e64ee3fa77,13,8528,0.13726286400229928,0.13144218020332202,0.1164136780167526,0.5014452065562565,0.6589586691865279,0.7483464449148961,0.2858068645000458
mica-v2,DualEvidence,9aba7ba1070bda24be5541723c4870e64ee3fa77,14,9184,0.13364154746457088,0.12777427138560196,0.1173455229545642,0.4966600999116882,0.654348934365005,0.7448321793217625,0.29059508442878723
mica-v2,DualEvidence,9aba7ba1070bda24be5541723c4870e64ee3fa77,15,9840,0.13001280892397066,0.12412347044699502,0.1177867716307044,0.49858805663068817,0.6563105925199206,0.7407003860651283,0.3010377585887909
mica-v2,DualEvidence,9aba7ba1070bda24be5541723c4870e64ee3fa77,16,10496,0.12667323298527136,0.12077584118858535,0.11794783538392983,0.49941267099511016,0.6572298450125219,0.7418476161017545,0.314015656709671
mica-v2,DualEvidence,9aba7ba1070bda24be5541723c4870e64ee3fa77,17,11152,0.12351953084534874,0.11761641818474218,0.11806225452622895,0.4953184383402989,0.6537450773856063,0.7398924067592002,0.3152417540550232
mica-v2,DualEvidence,9aba7ba1070bda24be5541723c4870e64ee3fa77,18,11808,0.12080226562770195,0.11487007005086379,0.11864390723646648,0.49008614801618827,0.6486874125931675,0.7334012304975959,0.3266224265098572
mica-v2,DualEvidence,9aba7ba1070bda24be5541723c4870e64ee3fa77,19,12464,0.11792528730879204,0.1119788715938888,0.11892831375537763,0.4909834949305053,0.649553105001318,0.7351893952988654,0.33715084195137024
mica-v2,DualEvidence,9aba7ba1070bda24be5541723c4870e64ee3fa77,20,13120,0.11550289851837361,0.1095409977821345,0.11923801513961096,0.4900058121074169,0.6484714859596465,0.7328241682980046,0.34237492084503174
mica-v2,DualEvidence,9aba7ba1070bda24be5541723c4870e64ee3fa77,21,13776,0.11334771094478817,0.10738145143563646,0.11932519050694157,0.48717915494636654,0.6458438114915771,0.7282770198976054,0.35873326659202576
mica-v2,DualEvidence,9aba7ba1070bda24be5541723c4870e64ee3fa77,22,14432,0.11109263239722653,0.10510685737824142,0.11971550289850828,0.4872442053232962,0.6457286375241459,0.7297743615129527,0.3694446086883545
mica-v2,DualEvidence,9aba7ba1070bda24be5541723c4870e64ee3fa77,23,15088,0.10884344519968994,0.10284524646080055,0.119963974314657,0.48340425957690913,0.6424274077358098,0.7253692504756132,0.36942237615585327
mica-v2,DualEvidence,9aba7ba1070bda24be5541723c4870e64ee3fa77,24,15744,0.10719442975590415,0.10118296358012326,0.12022932353124502,0.48778472966633263,0.6461533280067268,0.7306401587020698,0.370141863822937
mica-v2,DualEvidence,9aba7ba1070bda24be5541723c4870e64ee3fa77,25,16400,0.1050478702465928,0.09903229892520957,0.12031142320350738,0.4834853949708579,0.6421921920695864,0.7267563493648971,0.39117226004600525
mica-v2,DualEvidence,9aba7ba1070bda24be5541723c4870e64ee3fa77,26,17056,0.10351705385500079,0.09748048545711545,0.12073136614496185,0.4811478223942626,0.6405138479930814,0.7223725412023757,0.39211615920066833
mica-v2,DualEvidence,9aba7ba1070bda24be5541723c4870e64ee3fa77,27,17712,0.10141379571367871,0.09537810648004187,0.12071378406825176,0.4831432691259262,0.6421808474753261,0.7256639529901824,0.4066227376461029
mica-v2,DualEvidence,9aba7ba1070bda24be5541723c4870e64ee3fa77,28,18368,0.10003004651220115,0.09396989162258725,0.12120309938198164,0.4781651196600063,0.6374487945373646,0.720311055904456,0.41577649116516113
mica-v2,DualEvidence,9aba7ba1070bda24be5541723c4870e64ee3fa77,29,19024,0.09866762306231859,0.09261927652749971,0.12096692876216737,0.4807074326243462,0.6396559699835574,0.7228394503228317,0.41608187556266785
mica-v2,DualEvidence,9aba7ba1070bda24be5541723c4870e64ee3fa77,30,19680,0.09682085097194093,0.09074397693329651,0.12153748158407753,0.4820219350190009,0.6412595369734035,0.7195853896558376,0.4154425263404846
mica-v2,DualEvidence,9aba7ba1070bda24be5541723c4870e64ee3fa77,31,20336,0.09517644967151127,0.08909363976475258,0.12165619738507241,0.4838762109714116,0.6429878906218206,0.7246222466196022,0.4196714460849762
mica-v2,DualEvidence,9aba7ba1070bda24be5541723c4870e64ee3fa77,32,20992,0.09429845204513809,0.08820305248270136,0.12190799196260947,0.47878137615741756,0.6380971465325722,0.7212390935612587,0.43014732003211975
mica-v2,DualEvidence,9aba7ba1070bda24be5541723c4870e64ee3fa77,33,21648,0.09292679436029634,0.08684011627958596,0.12173355986823321,0.4799011115839729,0.639077736106014,0.7188903914503487,0.4267127513885498
mica-v2,DualEvidence,9aba7ba1070bda24be5541723c4870e64ee3fa77,34,22304,0.0916993175536914,0.0855998052501658,0.12199024727664101,0.47851279631974425,0.6377970072888942,0.7177538168877837,0.4424062967300415
mica-v2,DualEvidence,9aba7ba1070bda24be5541723c4870e64ee3fa77,35,22960,0.09056961550898066,0.08445939647039316,0.12220438206169691,0.47935658498270634,0.6384606081528699,0.7188732253605088,0.43535298109054565
mica-v2,DualEvidence,9aba7ba1070bda24be5541723c4870e64ee3fa77,36,23616,0.08879864340441529,0.08268618880523286,0.12224909093308033,0.477370258142891,0.6367558836228813,0.7197207615832881,0.45011478662490845
mica-v2,DualEvidence,9aba7ba1070bda24be5541723c4870e64ee3fa77,37,24272,0.08808768364318573,0.08196237529085025,0.12250616636337844,0.47865603631386977,0.6381131818648671,0.7193314262983017,0.45569854974746704
mica-v2,DualEvidence,9aba7ba1070bda24be5541723c4870e64ee3fa77,38,24928,0.08693526062781619,0.0808105684972398,0.12249384236149366,0.47690801788487025,0.636541603251873,0.7182209875914255,0.4658350944519043
mica-v2,DualEvidence,9aba7ba1070bda24be5541723c4870e64ee3fa77,39,25584,0.08557251729557712,0.07942578942364989,0.12293455735401608,0.47563550383895165,0.634964041506063,0.7155340455477331,0.46840739250183105
mica-v2,DualEvidence,9aba7ba1070bda24be5541723c4870e64ee3fa77,40,26240,0.08507533863844595,0.07893335312215648,0.12283971020716572,0.48119740243552084,0.6403628621813029,0.7198901037401322,0.47557878494262695
mica-v2,DualEvidence,9aba7ba1070bda24be5541723c4870e64ee3fa77,41,26896,0.0836976936687413,0.07754644601706077,0.12302495283756143,0.4771506784126836,0.637014349820261,0.7158556176314306,0.48117366433143616
mica-v2,DualEvidence,9aba7ba1070bda24be5541723c4870e64ee3fa77,42,27552,0.08286007657890064,0.07670610591901339,0.12307941256555728,0.4785558616026283,0.6378590715974004,0.7161158544706306,0.48527660965919495
mica-v2,DualEvidence,9aba7ba1070bda24be5541723c4870e64ee3fa77,43,28208,0.08182172281338178,0.07565752814772223,0.12328389408673307,0.47704440943944043,0.6364184196180349,0.7142669849079778,0.4878711998462677
mica-v2,DualEvidence,9aba7ba1070bda24be5541723c4870e64ee3fa77,44,28864,0.08105090159710807,0.07488865271709318,0.1232449768956572,0.47082161923533294,0.6303441899037873,0.7120588175601369,0.48197096586227417
mica-v2,DualEvidence,9aba7ba1070bda24be5541723c4870e64ee3fa77,45,29520,0.08062217622037861,0.07445763330737928,0.12329085778975261,0.4763920952737899,0.6361062925675826,0.7142915619563805,0.48322609066963196
mica-v2,DualEvidence,9aba7ba1070bda24be5541723c4870e64ee3fa77,46,30176,0.07925860160571602,0.07306123079886734,0.12394741636853913,0.47850134936879074,0.6378548510393668,0.7172868768358609,0.4932743012905121
mica-v2,DualEvidence,9aba7ba1070bda24be5541723c4870e64ee3fa77,47,30832,0.07848738142289133,0.07229568256568336,0.12383397923108903,0.47552562111100055,0.6350041242581106,0.7146289967883204,0.5000384449958801
mica-v2,DualEvidence,9aba7ba1070bda24be5541723c4870e64ee3fa77,48,31488,0.07771675251385245,0.07152854216565895,0.12376420242774587,0.47397819501168104,0.6337377955524528,0.7150806164118828,0.5049803256988525
mica-v2,DualEvidence,9aba7ba1070bda24be5541723c4870e64ee3fa77,49,32144,0.07733067328305498,0.07113728356243192,0.12386779459501451,0.4756486473122369,0.635116511846442,0.7141690714858248,0.5070447325706482
mica-v2,DualEvidence,9aba7ba1070bda24be5541723c4870e64ee3fa77,50,32800,0.07637033294802888,0.07017772788456618,0.12385209873197917,0.47720691461436837,0.6368476607072376,0.7170834590850439,0.5059852004051208
mica-v2,DualEvidence,9aba7ba1070bda24be5541723c4870e64ee3fa77,51,33456,0.07524650185285936,0.06904210540990673,0.12408792900040694,0.47271808534287363,0.6325629253476974,0.7125393465750848,0.5219048857688904
mica-v2,DualEvidence,9aba7ba1070bda24be5541723c4870e64ee3fa77,52,34112,0.07465326138226454,0.06845147809283114,0.12403566743377645,0.47552431057579475,0.6352455974351847,0.7155850964861181,0.5120304226875305
mica-v2,DualEvidence,9aba7ba1070bda24be5541723c4870e64ee3fa77,53,34768,0.0742513624059255,0.06803631702052114,0.12430090908753495,0.47966760578484846,0.6391179857609037,0.7184767532381904,0.5238929390907288
mica-v2,DualEvidence,9aba7ba1070bda24be5541723c4870e64ee3fa77,54,35424,0.07344501608902237,0.06721934446380777,0.12451342947547389,0.4752849929024555,0.6346828660087581,0.7160287188783258,0.5171127915382385
mica-v2,DualEvidence,9aba7ba1070bda24be5541723c4870e64ee3fa77,55,36080,0.07226697340236854,0.0660424522380036,0.12449042244769674,0.4755724151582521,0.6349094579028717,0.7130025586250642,0.5319497585296631
mica-v2,DualEvidence,9aba7ba1070bda24be5541723c4870e64ee3fa77,56,36736,0.07229151490026962,0.06606094786642118,0.12461134035306136,0.4713870511428509,0.6312433327729867,0.712162358828111,0.5299419164657593
mica-v2,DualEvidence,9aba7ba1070bda24be5541723c4870e64ee3fa77,57,37392,0.07171499072320582,0.06548998468437507,0.1245001208845841,0.4752067242808068,0.634637477669473,0.7162252316237532,0.5274695754051208
mica-v2,DualEvidence,9aba7ba1070bda24be5541723c4870e64ee3fa77,58,38048,0.0707995506806697,0.06456380384109452,0.12471493627651936,0.4712235469541793,0.630768863896552,0.7129331502139912,0.5421914458274841
mica-v2,DualEvidence,9aba7ba1070bda24be5541723c4870e64ee3fa77,59,38704,0.07055078381657408,0.06431328722032774,0.1247499326061266,0.4735906287343468,0.6328371729689313,0.7161257165321115,0.5387895703315735
mica-v2,DualEvidence,9aba7ba1070bda24be5541723c4870e64ee3fa77,60,39360,0.06964452263929957,0.06340324839482783,0.12482548427713623,0.4715936717552923,0.6311899899675417,0.7132473272387633,0.5482944846153259
mica-v2,SelfOnly,9aba7ba1070bda24be5541723c4870e64ee3fa77,1,656,0.23062730225903913,0.2253411941799266,0.10572215376017102,0.5173733671042173,0.6738805297473,0.7707775268876694,0.21470142900943756
mica-v2,SelfOnly,9aba7ba1070bda24be5541723c4870e64ee3fa77,2,1312,0.20513802207207268,0.19967123591470268,0.10933572752654286,0.5302677429657044,0.6846893367179421,0.7873610687555868,0.20959815382957458
mica-v2,SelfOnly,9aba7ba1070bda24be5541723c4870e64ee3fa77,3,1968,0.19551671674463175,0.19000410479009974,0.11025224003252873,0.5346152106068435,0.6881537380279673,0.7882873186002385,0.2066093236207962
mica-v2,SelfOnly,9aba7ba1070bda24be5541723c4870e64ee3fa77,4,2624,0.18820083385109845,0.18264747395030376,0.11106720196813223,0.5400367559249134,0.6927492308984332,0.7902185821253248,0.20535887777805328
mica-v2,SelfOnly,9aba7ba1070bda24be5541723c4870e64ee3fa77,5,3280,0.18168188878016744,0.17607695980190902,0.11209858057808973,0.5326033814342815,0.6865930308014941,0.7830250412237403,0.2113821804523468
mica-v2,SelfOnly,9aba7ba1070bda24be5541723c4870e64ee3fa77,6,3936,0.17556756637675802,0.16992342566265278,0.11288281162975741,0.5294692109593023,0.683792936061508,0.7801132407235278,0.21496739983558655
mica-v2,SelfOnly,9aba7ba1070bda24be5541723c4870e64ee3fa77,7,4592,0.16973577902347506,0.16406827596653656,0.11335006161326619,0.5220811246629424,0.6774059640750799,0.7729485334008319,0.22319641709327698
mica-v2,SelfOnly,9aba7ba1070bda24be5541723c4870e64ee3fa77,8,5248,0.16396223113760502,0.15825201901288014,0.11420424224233272,0.5195477306611516,0.6747940733054235,0.7699735900082085,0.2309751957654953
mica-v2,SelfOnly,9aba7ba1070bda24be5541723c4870e64ee3fa77,9,5904,0.15875131980299279,0.15301356925837292,0.11475501279961518,0.5147793526899316,0.6709280128065839,0.7648972353072598,0.23986083269119263
mica-v2,SelfOnly,9aba7ba1070bda24be5541723c4870e64ee3fa77,10,6560,0.15364956570223978,0.14787184529802755,0.11555440561018905,0.5109956036233105,0.6675073111367535,0.7608489733723824,0.2493465393781662
mica-v2,SelfOnly,9aba7ba1070bda24be5541723c4870e64ee3fa77,11,7216,0.14886291524266956,0.14307458861697697,0.1157665289771524,0.5098264594456646,0.6663984312345101,0.7596963149348109,0.2542462944984436
mica-v2,SelfOnly,9aba7ba1070bda24be5541723c4870e64ee3fa77,12,7872,0.1443853553205896,0.1385653876467853,0.11639935310600778,0.5043519312235178,0.661419070700812,0.755450413430415,0.26309022307395935
mica-v2,SelfOnly,9aba7ba1070bda24be5541723c4870e64ee3fa77,13,8528,0.14010205380749982,0.1342578048762142,0.11688497300705586,0.49986099706055664,0.6571431564252421,0.7475900316034931,0.2834213674068451
mica-v2,SelfOnly,9aba7ba1070bda24be5541723c4870e64ee3fa77,14,9184,0.1364999556407334,0.1306319273898174,0.11736056294133454,0.4998187485539841,0.6575583927901617,0.7491575333601059,0.2817012071609497
mica-v2,SelfOnly,9aba7ba1070bda24be5541723c4870e64ee3fa77,15,9840,0.13254466535169615,0.12665178569097493,0.11785759209495492,0.49603780080369336,0.6540253849792461,0.7436800205310934,0.29423344135284424
mica-v2,SelfOnly,9aba7ba1070bda24be5541723c4870e64ee3fa77,16,10496,0.12942329555428828,0.12350934934958181,0.11827892337102024,0.4963007541777327,0.6545203332157915,0.7456384995574585,0.2947961986064911
mica-v2,SelfOnly,9aba7ba1070bda24be5541723c4870e64ee3fa77,17,11152,0.12599415797695826,0.12006697920868037,0.11854357638771285,0.49419100370904434,0.6526127684871131,0.743489891297875,0.3127745985984802
mica-v2,SelfOnly,9aba7ba1070bda24be5541723c4870e64ee3fa77,18,11808,0.12311968027363401,0.11718159215911031,0.11876176291342766,0.49163273050426454,0.6502725796160965,0.7414789024486877,0.3121478855609894
mica-v2,SelfOnly,9aba7ba1070bda24be5541723c4870e64ee3fa77,19,12464,0.120591267727444,0.11463293443275982,0.11916666442757624,0.4860009730097651,0.6449330169400588,0.7336579259241095,0.32544800639152527
mica-v2,SelfOnly,9aba7ba1070bda24be5541723c4870e64ee3fa77,20,13120,0.11773401616282021,0.1117608128816091,0.11946406137577878,0.4868203084256307,0.6455005297448605,0.7358055394111721,0.3279264271259308
mica-v2,SelfOnly,9aba7ba1070bda24be5541723c4870e64ee3fa77,21,13776,0.11541841907497925,0.1094274528041185,0.11981932833664341,0.4860285960979478,0.6447957975110453,0.7336614768351921,0.3406039774417877
mica-v2,SelfOnly,9aba7ba1070bda24be5541723c4870e64ee3fa77,22,14432,0.1131443997181079,0.10713600407014733,0.1201679170385979,0.4880105646550356,0.6468460525827187,0.7367657949143827,0.3409540057182312
mica-v2,SelfOnly,9aba7ba1070bda24be5541723c4870e64ee3fa77,23,15088,0.11102911832789718,0.10502717947426306,0.12003877629274771,0.48383055194237157,0.6430288016558143,0.7308007223081171,0.3522716760635376
mica-v2,SelfOnly,9aba7ba1070bda24be5541723c4870e64ee3fa77,24,15744,0.10880412756601136,0.1027703465049823,0.12067562100961512,0.48697446562501084,0.6460177031598501,0.7337786885182821,0.35792219638824463
mica-v2,SelfOnly,9aba7ba1070bda24be5541723c4870e64ee3fa77,25,16400,0.10670769737214944,0.10066664029388345,0.12082114121370996,0.48383764379601374,0.6430615630527644,0.7356206687227802,0.35993316769599915
mica-v2,SelfOnly,9aba7ba1070bda24be5541723c4870e64ee3fa77,26,17056,0.10523880808332285,0.09918754300712937,0.12102530218020831,0.4783072513695634,0.6376464939783474,0.7277335701750521,0.3730924725532532
mica-v2,SelfOnly,9aba7ba1070bda24be5541723c4870e64ee3fa77,27,17712,0.10338676000092616,0.09731768650920071,0.12138146917674958,0.48498189706926675,0.6440772998044151,0.7327349160393504,0.3621370792388916
mica-v2,SelfOnly,9aba7ba1070bda24be5541723c4870e64ee3fa77,28,18368,0.10166652499350844,0.09559648839366346,0.12140073171845268,0.48129700233018996,0.6406234189715017,0.7310312945088469,0.36957216262817383
mica-v2,SelfOnly,9aba7ba1070bda24be5541723c4870e64ee3fa77,29,19024,0.09984875072121609,0.09376595256249368,0.12165596516193272,0.48197758186243767,0.641006554796333,0.7296664348524713,0.3766864836215973
mica-v2,SelfOnly,9aba7ba1070bda24be5541723c4870e64ee3fa77,30,19680,0.0985220856975243,0.0924257813324316,0.121926087125694,0.48275765544569227,0.6418517082333243,0.7313548794767678,0.3713059425354004
mica-v2,SelfOnly,9aba7ba1070bda24be5541723c4870e64ee3fa77,31,20336,0.09686232634746082,0.09076396176861971,0.12196728995728509,0.4827312153971972,0.6418472794466816,0.730116847504208,0.385750949382782
mica-v2,SelfOnly,9aba7ba1070bda24be5541723c4870e64ee3fa77,32,20992,0.09546092775335915,0.08935171230918562,0.1221843082853786,0.47610883109818947,0.6358074524982165,0.7253581149381944,0.3949040174484253
mica-v2,SelfOnly,9aba7ba1070bda24be5541723c4870e64ee3fa77,33,21648,0.09430318363618209,0.0881833485347639,0.12239670136208097,0.47911568553705336,0.6386140923128482,0.7292596945562733,0.3942732810974121
mica-v2,SelfOnly,9aba7ba1070bda24be5541723c4870e64ee3fa77,34,22304,0.09323816663791686,0.0871052219064416,0.12265889574329214,0.47663056167997886,0.6361926917858796,0.725671307260755,0.40474003553390503
mica-v2,SelfOnly,9aba7ba1070bda24be5541723c4870e64ee3fa77,35,22960,0.09144973283015076,0.085319253306778,0.1226095900739361,0.4738340459701575,0.6336756245569226,0.7244551021803856,0.41526949405670166
mica-v2,SelfOnly,9aba7ba1070bda24be5541723c4870e64ee3fa77,36,23616,0.0904307746491699,0.08429379834595417,0.1227395260749696,0.478610445407536,0.6383598238113644,0.7286211005934066,0.4106023609638214
mica-v2,SelfOnly,9aba7ba1070bda24be5541723c4870e64ee3fa77,37,24272,0.08901854395860712,0.08287966574641403,0.1227775657824218,0.47953491513456675,0.6393129540152195,0.7273255178224876,0.41467413306236267
mica-v2,SelfOnly,9aba7ba1070bda24be5541723c4870e64ee3fa77,38,24928,0.08806285249748225,0.08190877884640595,0.12308147388527897,0.4765771801717546,0.6361472649179297,0.7282998443414556,0.4106971025466919
mica-v2,SelfOnly,9aba7ba1070bda24be5541723c4870e64ee3fa77,39,25584,0.08655745073810571,0.080399283961162,0.12316333597643335,0.4785947883033385,0.638266978909347,0.7264956478553656,0.4131517708301544
mica-v2,SelfOnly,9aba7ba1070bda24be5541723c4870e64ee3fa77,40,26240,0.0858952624099829,0.07973411670530907,0.12322291519021565,0.48246850342726266,0.641736001987913,0.7303312851659568,0.42713236808776855
mica-v2,SelfOnly,9aba7ba1070bda24be5541723c4870e64ee3fa77,41,26896,0.08472779666599525,0.07856235500158373,0.12330883176458701,0.4782889304561631,0.6378394557751205,0.7253686484342873,0.4288577437400818
mica-v2,SelfOnly,9aba7ba1070bda24be5541723c4870e64ee3fa77,42,27552,0.08377836663828234,0.07760409527084532,0.12348542680889467,0.47430494428303877,0.6340540481417956,0.7244418586578262,0.43060383200645447
mica-v2,SelfOnly,9aba7ba1070bda24be5541723c4870e64ee3fa77,43,28208,0.08298553942295785,0.07679914279782019,0.12372793120783383,0.47809987711413887,0.637801797129835,0.727949521497472,0.42441490292549133
mica-v2,SelfOnly,9aba7ba1070bda24be5541723c4870e64ee3fa77,44,28864,0.08160435397627924,0.07540804231183319,0.12392623398148624,0.47819517491455554,0.6379810554420178,0.7240687025000881,0.4348013699054718
mica-v2,SelfOnly,9aba7ba1070bda24be5541723c4870e64ee3fa77,45,29520,0.08096140974205435,0.07476141416150833,0.12399990997007367,0.4757988066173285,0.6354806764938434,0.72370800959106,0.44000643491744995
mica-v2,SelfOnly,9aba7ba1070bda24be5541723c4870e64ee3fa77,46,30176,0.08009019347801144,0.07388571389669435,0.12408959045004647,0.47309132851522673,0.6329192056821954,0.7222373139885636,0.4429715871810913
mica-v2,SelfOnly,9aba7ba1070bda24be5541723c4870e64ee3fa77,47,30832,0.07935195950517232,0.07314771436320348,0.12408490529283349,0.47361155859112136,0.6333340514911543,0.7231029934779493,0.44282326102256775
mica-v2,SelfOnly,9aba7ba1070bda24be5541723c4870e64ee3fa77,48,31488,0.07826552375197832,0.07204757628480976,0.12435895004161877,0.4751375866623114,0.6351418267725063,0.7233813500002726,0.44733211398124695
mica-v2,SelfOnly,9aba7ba1070bda24be5541723c4870e64ee3fa77,49,32144,0.0778139234526799,0.07159491052123178,0.12438025936343693,0.475063211548457,0.6349627808451812,0.724244735615177,0.4445365071296692
mica-v2,SelfOnly,9aba7ba1070bda24be5541723c4870e64ee3fa77,50,32800,0.07685340882279601,0.07063971894938563,0.12427379889311606,0.47550060350278917,0.6352509105332074,0.723990477635305,0.4412127435207367
mica-v2,SelfOnly,9aba7ba1070bda24be5541723c4870e64ee3fa77,51,33456,0.0760788826357308,0.06984991782405876,0.12457929756458636,0.4780277693782136,0.6375453331833824,0.7284364058617278,0.43162935972213745
mica-v2,SelfOnly,9aba7ba1070bda24be5541723c4870e64ee3fa77,52,34112,0.07534395052665796,0.06911696434668811,0.1245397253894115,0.4767925641019329,0.6362723083844724,0.7267117685619549,0.4601666033267975
mica-v2,SelfOnly,9aba7ba1070bda24be5541723c4870e64ee3fa77,53,34768,0.07413327889562232,0.0678869964556149,0.12492564630265209,0.4763801480167389,0.6362555336924185,0.7251261879333903,0.466898649930954
mica-v2,SelfOnly,9aba7ba1070bda24be5541723c4870e64ee3fa77,54,35424,0.07355006188168427,0.06730718826165655,0.12485747432268908,0.4732036421652557,0.6330695547476326,0.7256948999256024,0.4561736285686493
mica-v2,SelfOnly,9aba7ba1070bda24be5541723c4870e64ee3fa77,55,36080,0.0727846632027992,0.06653731277828528,0.12494700742479344,0.47442267892375756,0.6342699516723979,0.7213730408927782,0.4675622880458832
mica-v2,SelfOnly,9aba7ba1070bda24be5541723c4870e64ee3fa77,56,36736,0.07224771210515177,0.06600055374494214,0.1249431653871858,0.47378949454956715,0.633725819516814,0.7204998980328781,0.48254910111427307
mica-v2,SelfOnly,9aba7ba1070bda24be5541723c4870e64ee3fa77,57,37392,0.0716070594625303,0.06534672397024491,0.1252067100431776,0.4753978710411192,0.6353067456543023,0.7245161165478914,0.4599272906780243
mica-v2,SelfOnly,9aba7ba1070bda24be5541723c4870e64ee3fa77,58,38048,0.07122966076296851,0.06497081224291179,0.12517697080033605,0.470731254218972,0.6306076607862703,0.7210372978697224,0.47366026043891907
mica-v2,SelfOnly,9aba7ba1070bda24be5541723c4870e64ee3fa77,59,38704,0.07056530037182213,0.06430401942188456,0.1252256188076744,0.4782878427485564,0.6380378681014872,0.7271427715824205,0.47909650206565857
mica-v2,SelfOnly,9aba7ba1070bda24be5541723c4870e64ee3fa77,60,39360,0.06968307247924696,0.06341830366917522,0.12529537332888746,0.47272331043511506,0.6322606956100072,0.7220404473621232,0.4836757481098175
mica-v2,SetContext,9aba7ba1070bda24be5541723c4870e64ee3fa77,1,656,0.22990601192508098,0.2245981758177161,0.10615672050218858,0.5159975382083128,0.6726238665049054,0.7725838390544149,0.21439236402511597
mica-v2,SetContext,9aba7ba1070bda24be5541723c4870e64ee3fa77,2,1312,0.2046712609216612,0.19919929567385997,0.10943930326900692,0.5285945331007605,0.6832165750248261,0.7862278782811096,0.2090553492307663
mica-v2,SetContext,9aba7ba1070bda24be5541723c4870e64ee3fa77,3,1968,0.19564666729237515,0.19012826019257878,0.11036813924981773,0.5356346019454071,0.6893400038222298,0.7895709323643768,0.20555266737937927
mica-v2,SetContext,9aba7ba1070bda24be5541723c4870e64ee3fa77,4,2624,0.18810789263649635,0.1825450211493459,0.11125742726753206,0.5395622621506876,0.6925928117875924,0.7890164593415623,0.20535509288311005
mica-v2,SetContext,9aba7ba1070bda24be5541723c4870e64ee3fa77,5,3280,0.18154866586696183,0.17594675391284534,0.11203824338333682,0.5332062330513776,0.6870001501034656,0.7833868922602527,0.21049855649471283
mica-v2,SetContext,9aba7ba1070bda24be5541723c4870e64ee3fa77,6,3936,0.17534859177012474,0.16970441754012716,0.11288348696745888,0.5264943467378908,0.6812578444591266,0.779423321129998,0.21656890213489532
mica-v2,SetContext,9aba7ba1070bda24be5541723c4870e64ee3fa77,7,4592,0.169412374845939,0.16374532860356686,0.11334092365552068,0.5232597705528059,0.678886911457652,0.7736573957231485,0.22332362830638885
mica-v2,SetContext,9aba7ba1070bda24be5541723c4870e64ee3fa77,8,5248,0.1636643673486234,0.15795204508934227,0.11424643867195863,0.5200533765136326,0.6756253443179736,0.772665059391449,0.2286609262228012
mica-v2,SetContext,9aba7ba1070bda24be5541723c4870e64ee3fa77,9,5904,0.1577767511633152,0.1520338159380201,0.1148587045833271,0.5118122933752518,0.6679475325565984,0.7643695847001486,0.24394875764846802
mica-v2,SetContext,9aba7ba1070bda24be5541723c4870e64ee3fa77,10,6560,0.1527652327510783,0.14698962929342232,0.1155120648911802,0.5070457538182644,0.6638125200330077,0.7590628710004281,0.2522396743297577
mica-v2,SetContext,9aba7ba1070bda24be5541723c4870e64ee3fa77,11,7216,0.14759975127376448,0.1418018800046926,0.11595742163448228,0.5079611953330017,0.6649281119362334,0.7570649167288245,0.25566455721855164
mica-v2,SetContext,9aba7ba1070bda24be5541723c4870e64ee3fa77,12,7872,0.14263808329625446,0.13680626300954424,0.11663639867856399,0.4997424617598895,0.6567838936512007,0.7507421989949866,0.2734214663505554
mica-v2,SetContext,9aba7ba1070bda24be5541723c4870e64ee3fa77,13,8528,0.1385529575538608,0.13270548410519756,0.11694946811945653,0.49939514526129153,0.656987084418634,0.7499186322841306,0.27509263157844543
mica-v2,SetContext,9aba7ba1070bda24be5541723c4870e64ee3fa77,14,9184,0.13468548913499354,0.12880768429245368,0.11755608984985119,0.49762685712318194,0.6554416561592195,0.7486794119247745,0.28781092166900635
mica-v2,SetContext,9aba7ba1070bda24be5541723c4870e64ee3fa77,15,9840,0.1305278383869497,0.12463832068902451,0.11779035401959155,0.49297057753506196,0.6510592623759889,0.7426627841956331,0.29432055354118347
mica-v2,SetContext,9aba7ba1070bda24be5541723c4870e64ee3fa77,16,10496,0.1274867480584693,0.12156595232028936,0.11841591225544733,0.49641272801572844,0.6543842409532659,0.7437989908519185,0.30765432119369507
mica-v2,SetContext,9aba7ba1070bda24be5541723c4870e64ee3fa77,17,11152,0.12422880671356526,0.11829753149333133,0.11862551079048467,0.4912588275275522,0.6495428203149107,0.7400255496576513,0.30954256653785706
mica-v2,SetContext,9aba7ba1070bda24be5541723c4870e64ee3fa77,18,11808,0.12140016279569833,0.11544834278734888,0.11903640415332306,0.49159398642663654,0.6497285294836077,0.7389419293904116,0.318712443113327
mica-v2,SetContext,9aba7ba1070bda24be5541723c4870e64ee3fa77,19,12464,0.11829937884024867,0.11233030928591661,0.11938138939465112,0.4862971471033461,0.6444720982903192,0.7330952246736896,0.32934698462486267
mica-v2,SetContext,9aba7ba1070bda24be5541723c4870e64ee3fa77,20,13120,0.11582227122929703,0.10983615722132543,0.11972228405910675,0.484787538924142,0.6432102722253451,0.7332228972348503,0.3285961151123047
mica-v2,SetContext,9aba7ba1070bda24be5541723c4870e64ee3fa77,21,13776,0.11359167085360818,0.1075979363095466,0.11987469172083351,0.4862753776761153,0.6449321690339087,0.7349979660515163,0.3336043655872345
mica-v2,SetContext,9aba7ba1070bda24be5541723c4870e64ee3fa77,22,14432,0.11116363947831229,0.10515424152659511,0.12018796037756484,0.4826859013960837,0.6410348764771899,0.7335183862030663,0.34102484583854675
mica-v2,SetContext,9aba7ba1070bda24be5541723c4870e64ee3fa77,23,15088,0.10899421885653666,0.1029854282773715,0.1201758151107685,0.48252108240595587,0.6410202740204449,0.7316492472606363,0.3541068136692047
mica-v2,SetContext,9aba7ba1070bda24be5541723c4870e64ee3fa77,24,15744,0.10621153056871585,0.10016684602373878,0.12089369419117948,0.48306872570997994,0.6418510469721854,0.731607534478744,0.35926663875579834
mica-v2,SetContext,9aba7ba1070bda24be5541723c4870e64ee3fa77,25,16400,0.10462941856487815,0.09857089041637868,0.12117056477847232,0.4790138022973238,0.637837179559053,0.7282131961564131,0.3662351071834564
mica-v2,SetContext,9aba7ba1070bda24be5541723c4870e64ee3fa77,26,17056,0.10278842316485642,0.09672972657030082,0.12117393184671674,0.4748795552315042,0.6342397567945166,0.7231045658957443,0.3773396909236908
mica-v2,SetContext,9aba7ba1070bda24be5541723c4870e64ee3fa77,27,17712,0.10098323392332742,0.09491789461514756,0.12130678852755299,0.483181967129316,0.6419128784986228,0.7313306668766718,0.37378305196762085
mica-v2,SetContext,9aba7ba1070bda24be5541723c4870e64ee3fa77,28,18368,0.0995430232546261,0.09346471917332043,0.12156608157568068,0.4791646276585898,0.637905536412387,0.7272857884469545,0.38995954394340515
mica-v2,SetContext,9aba7ba1070bda24be5541723c4870e64ee3fa77,29,19024,0.09770263568744587,0.09160415870208101,0.12196953599656864,0.476110477393362,0.6348573684519555,0.7248957191132668,0.3858899176120758
mica-v2,SetContext,9aba7ba1070bda24be5541723c4870e64ee3fa77,30,19680,0.096168534854186,0.09007015395140623,0.12196761967371185,0.4786201674961834,0.6375961972040054,0.7250287561729146,0.39334702491760254
mica-v2,SetContext,9aba7ba1070bda24be5541723c4870e64ee3fa77,31,20336,0.09433453378277087,0.08823067471860918,0.1220771798625871,0.4808501357679546,0.6400121664940169,0.7283248018053733,0.40294358134269714
mica-v2,SetContext,9aba7ba1070bda24be5541723c4870e64ee3fa77,32,20992,0.09357406379471563,0.08745336631895964,0.12241395012883897,0.4775983898040401,0.6364488612347795,0.7265762430299614,0.40553808212280273
mica-v2,SetContext,9aba7ba1070bda24be5541723c4870e64ee3fa77,33,21648,0.09139704145473365,0.08527334832491076,0.1224738638508887,0.48304721497037506,0.6420645115094705,0.7272080269978684,0.4203589856624603
mica-v2,SetContext,9aba7ba1070bda24be5541723c4870e64ee3fa77,34,22304,0.08989708668207211,0.08375267728996955,0.12288818735476956,0.4768472524208595,0.6359740042942471,0.7239450893136703,0.41335031390190125
mica-v2,SetContext,9aba7ba1070bda24be5541723c4870e64ee3fa77,35,22960,0.08901169834895929,0.08286840686785367,0.12286582984657463,0.47480444981290687,0.6343625137651945,0.7226213888003249,0.41795095801353455
mica-v2,SetContext,9aba7ba1070bda24be5541723c4870e64ee3fa77,36,23616,0.08774589667563239,0.08159866864556908,0.12294455944343909,0.47598201641035004,0.6356955203300254,0.7237571837422049,0.41596513986587524
mica-v2,SetContext,9aba7ba1070bda24be5541723c4870e64ee3fa77,37,24272,0.08697316497180742,0.08080944768102076,0.12327434496902763,0.4773663297959546,0.6363675577262662,0.7223218619607041,0.42731034755706787
mica-v2,SetContext,9aba7ba1070bda24be5541723c4870e64ee3fa77,38,24928,0.0854595643830022,0.07928919864983426,0.12340731201669443,0.4706524064783493,0.6300162546479202,0.7185647683561124,0.43826261162757874
mica-v2,SetContext,9aba7ba1070bda24be5541723c4870e64ee3fa77,39,25584,0.08417482280389678,0.07800044592859542,0.12348753678078692,0.473609131965882,0.6333459442000484,0.7201891451591872,0.4441837668418884
mica-v2,SetContext,9aba7ba1070bda24be5541723c4870e64ee3fa77,40,26240,0.0833175134644323,0.07713032667641873,0.12374373594282444,0.47555020577785523,0.6353719079939019,0.7220527344996485,0.4361320436000824
mica-v2,SetContext,9aba7ba1070bda24be5541723c4870e64ee3fa77,41,26896,0.08255711776553443,0.07637735165279852,0.12359532262479649,0.477441317832595,0.6371358536206289,0.7241382826338598,0.43944528698921204
mica-v2,SetContext,9aba7ba1070bda24be5541723c4870e64ee3fa77,42,27552,0.08100643043255985,0.07480683189145784,0.12399197078652417,0.4774049159694204,0.6367788116776721,0.7221206367736996,0.4382944703102112
mica-v2,SetContext,9aba7ba1070bda24be5541723c4870e64ee3fa77,43,28208,0.08012023100760682,0.0739336958545181,0.1237307056864186,0.4781748332266675,0.6379234341775276,0.7235520402581931,0.4442432224750519
mica-v2,SetContext,9aba7ba1070bda24be5541723c4870e64ee3fa77,44,28864,0.07916158586612636,0.07296189969315499,0.12399372515425872,0.47573032791959013,0.6351203354243885,0.7209052419659481,0.4569022059440613
mica-v2,SetContext,9aba7ba1070bda24be5541723c4870e64ee3fa77,45,29520,0.07866148281846377,0.0724509151048503,0.12421135513886379,0.4748110827414259,0.6344019106156413,0.7197818581624374,0.45348411798477173
mica-v2,SetContext,9aba7ba1070bda24be5541723c4870e64ee3fa77,46,30176,0.07798184845474021,0.07176255923880102,0.12438578569681086,0.4767951715246674,0.636051813163218,0.7217537431907012,0.4443070590496063
mica-v2,SetContext,9aba7ba1070bda24be5541723c4870e64ee3fa77,47,30832,0.0762598684167871,0.0700406081877192,0.12438520442082482,0.47496217687041165,0.6342713780179859,0.7219326856260899,0.4581906497478485
mica-v2,SetContext,9aba7ba1070bda24be5541723c4870e64ee3fa77,48,31488,0.07558329970309409,0.06935385929306762,0.12458880797606744,0.474202168732141,0.6338400474041999,0.7202115818278864,0.4516562521457672
mica-v2,SetContext,9aba7ba1070bda24be5541723c4870e64ee3fa77,49,32144,0.07493049861995198,0.06870485547088624,0.12451286415761005,0.47350796521275895,0.6331416864180361,0.7185426618772539,0.48388445377349854
mica-v2,SetContext,9aba7ba1070bda24be5541723c4870e64ee3fa77,50,32800,0.07396617591585646,0.0677288769752239,0.12474597860665758,0.47709667401848943,0.6365842442857413,0.7200457348956778,0.4687134027481079
mica-v2,SetContext,9aba7ba1070bda24be5541723c4870e64ee3fa77,51,33456,0.07355881957213842,0.06732144723380415,0.12474744886640075,0.4771390103629071,0.6365862689569087,0.7204654685812141,0.4530808627605438
mica-v2,SetContext,9aba7ba1070bda24be5541723c4870e64ee3fa77,52,34112,0.07252646969102657,0.06628332382398516,0.12486291701550001,0.47360996829792207,0.63317806876093,0.7158824995590123,0.48027727007865906
mica-v2,SetContext,9aba7ba1070bda24be5541723c4870e64ee3fa77,53,34768,0.07163770167823515,0.0653901909089018,0.12495021501587826,0.4734294979117759,0.6332824344717423,0.7165593657203926,0.48236820101737976
mica-v2,SetContext,9aba7ba1070bda24be5541723c4870e64ee3fa77,54,35424,0.0713832109622442,0.0651365714526822,0.12493279150107624,0.47532529925448064,0.6348177527525598,0.7213002598405067,0.47862762212753296
mica-v2,SetContext,9aba7ba1070bda24be5541723c4870e64ee3fa77,55,36080,0.07030137746301572,0.06403942648823945,0.12523901611722815,0.4745758477332712,0.6341135536755125,0.7221840887430823,0.4952588975429535
mica-v2,SetContext,9aba7ba1070bda24be5541723c4870e64ee3fa77,56,36736,0.07001867713487481,0.06377165980544021,0.12494034480862196,0.4711411564642124,0.631069959563168,0.7189619877745336,0.47924572229385376
mica-v2,SetContext,9aba7ba1070bda24be5541723c4870e64ee3fa77,57,37392,0.06916635712369494,0.0629042637014039,0.12524186640861368,0.4738784582649308,0.6336371134584362,0.720447130037148,0.49322640895843506
mica-v2,SetContext,9aba7ba1070bda24be5541723c4870e64ee3fa77,58,38048,0.06862586091066272,0.06235735182531319,0.1253701777327321,0.47434889640685207,0.633934360276294,0.719799104686878,0.4951713979244232
mica-v2,SetContext,9aba7ba1070bda24be5541723c4870e64ee3fa77,59,38704,0.0681072586708908,0.06183704725324693,0.1254042271993126,0.473238374067775,0.6326178463861225,0.7175517240235014,0.49106916785240173
mica-v2,SetContext,9aba7ba1070bda24be5541723c4870e64ee3fa77,60,39360,0.0671997684802491,0.060922235519685536,0.12555065692189946,0.47195860277450163,0.6316679913962343,0.7182570354736897,0.49808841943740845
mica-v2,SafeRank,6d8d3fd473569a9b6425954bc0fb263657b284c9,1,656,0.29906365308626126,0.22062344880221807,0.10628723859323856,0.5098400675407703,0.6667682443798171,0.7771087499046075,0.21177758276462555
mica-v2,SafeRank,6d8d3fd473569a9b6425954bc0fb263657b284c9,2,1312,0.27502721523645324,0.19696204907554998,0.10957465011550832,0.5220133466411073,0.6774049394260891,0.7889843192898168,0.20529654622077942
mica-v2,SafeRank,6d8d3fd473569a9b6425954bc0fb263657b284c9,3,1968,0.2658057121254716,0.18791730042885457,0.11050524139315648,0.5293183946037984,0.683672466193153,0.7924154271022645,0.20242741703987122
mica-v2,SafeRank,6d8d3fd473569a9b6425954bc0fb263657b284c9,4,2624,0.2582384350614878,0.18047351452134588,0.11142972761434644,0.5258705785294052,0.6802775161440642,0.7896151256101686,0.20517340302467346
mica-v2,SafeRank,6d8d3fd473569a9b6425954bc0fb263657b284c9,5,3280,0.25156053352917396,0.1738971774270553,0.11234966938909782,0.5236385744999726,0.678779186119457,0.7842267142316532,0.21039128303527832
mica-v2,SafeRank,6d8d3fd473569a9b6425954bc0fb263657b284c9,6,3936,0.24530861216955707,0.16774638539695322,0.11302346562518668,0.5206261868702458,0.6759390118430774,0.7805522739048497,0.21615828573703766
mica-v2,SafeRank,6d8d3fd473569a9b6425954bc0fb263657b284c9,7,4592,0.23893315029594347,0.16148639987098987,0.11340502476439893,0.5122267311445877,0.6683546213130441,0.7745348458520672,0.22416597604751587
mica-v2,SafeRank,6d8d3fd473569a9b6425954bc0fb263657b284c9,8,5248,0.23301586589727766,0.15565095070615625,0.11435853311519785,0.5112080730487122,0.6676123367672373,0.7711027821135562,0.23095683753490448
mica-v2,SafeRank,6d8d3fd473569a9b6425954bc0fb263657b284c9,9,5904,0.2272291593044067,0.14994837890499618,0.11501213334183275,0.503447515510689,0.6605193905030523,0.7635072023439295,0.24306705594062805
mica-v2,SafeRank,6d8d3fd473569a9b6425954bc0fb263657b284c9,10,6560,0.2218270114236683,0.14464933593889837,0.11553379631406734,0.5027600180669822,0.6597559733155159,0.7620461396112337,0.2503506541252136
mica-v2,SafeRank,6d8d3fd473569a9b6425954bc0fb263657b284c9,11,7216,0.21668154109489227,0.13956553150216644,0.11628686881392686,0.49846601472738916,0.6559589812833081,0.7552445077958565,0.26292166113853455
mica-v2,SafeRank,6d8d3fd473569a9b6425954bc0fb263657b284c9,12,7872,0.21222112104701568,0.13518542696715016,0.11656690454480759,0.49393783617701925,0.6518373004321103,0.7506579461635973,0.27421897649765015
mica-v2,SafeRank,6d8d3fd473569a9b6425954bc0fb263657b284c9,13,8528,0.20770002510165994,0.130734708382138,0.11704873084448031,0.49234678175109364,0.6505950214400698,0.7489343514137096,0.2836100459098816
mica-v2,SafeRank,6d8d3fd473569a9b6425954bc0fb263657b284c9,14,9184,0.20418201573175315,0.12724865999419782,0.11805172321685947,0.4924425697568289,0.6504786629619163,0.7477091424189095,0.2904617190361023
mica-v2,SafeRank,6d8d3fd473569a9b6425954bc0fb263657b284c9,15,9840,0.19990233157108164,0.12306038153667061,0.11802157324380354,0.4893121012724089,0.6477749441010597,0.7447466030222673,0.29776546359062195
mica-v2,SafeRank,6d8d3fd473569a9b6425954bc0fb263657b284c9,16,10496,0.19688781597262195,0.1200841334882393,0.11851031594678073,0.49110312335810297,0.6494194632246039,0.744809740326326,0.310202956199646
mica-v2,SafeRank,6d8d3fd473569a9b6425954bc0fb263657b284c9,17,11152,0.19333937072881197,0.11658678545486667,0.11883437804844373,0.4856138564958234,0.6446197056153812,0.741314693946491,0.31891146302223206
mica-v2,SafeRank,6d8d3fd473569a9b6425954bc0fb263657b284c9,18,11808,0.1905837138804504,0.11387475500278767,0.11912054355219057,0.48522078789415046,0.6441385047989856,0.7379413189753017,0.32516708970069885
mica-v2,SafeRank,6d8d3fd473569a9b6425954bc0fb263657b284c9,19,12464,0.18779995593673246,0.11113534692597805,0.11987388695015991,0.4810034739285664,0.6402504325425822,0.7321565879477855,0.34798312187194824
mica-v2,SafeRank,6d8d3fd473569a9b6425954bc0fb263657b284c9,20,13120,0.1851637251969913,0.10855415415287654,0.11988820616340191,0.48056084429889084,0.639796949442123,0.734871859498368,0.34058138728141785
mica-v2,SafeRank,6d8d3fd473569a9b6425954bc0fb263657b284c9,21,13776,0.18268048141600235,0.10611119314947214,0.12023680775133054,0.47946811922311605,0.6384891580060423,0.731143402979938,0.3507668077945709
mica-v2,SafeRank,6d8d3fd473569a9b6425954bc0fb263657b284c9,22,14432,0.18014930644541316,0.1036255726496102,0.1203538630957178,0.4817256000492071,0.6409164896200936,0.7335134230318885,0.36166855692863464
mica-v2,SafeRank,6d8d3fd473569a9b6425954bc0fb263657b284c9,23,15088,0.17806733388903712,0.10156820933963609,0.12084384755881297,0.4814466588847862,0.6404296971789776,0.7310184460568959,0.36971840262413025
mica-v2,SafeRank,6d8d3fd473569a9b6425954bc0fb263657b284c9,24,15744,0.1762287080322029,0.09975417670431122,0.12122435525623697,0.47869483835144305,0.6381073242540659,0.728313465540881,0.38189437985420227
mica-v2,SafeRank,6d8d3fd473569a9b6425954bc0fb263657b284c9,25,16400,0.17441658058683845,0.09798423250852475,0.12122933950357935,0.4783650960235375,0.6377358182907557,0.731483092623793,0.38301029801368713
mica-v2,SafeRank,6d8d3fd473569a9b6425954bc0fb263657b284c9,26,17056,0.17260135241852256,0.09622226015837157,0.12137230615595843,0.479194446919541,0.6386427509790457,0.7291751033930658,0.3873160183429718
mica-v2,SafeRank,6d8d3fd473569a9b6425954bc0fb263657b284c9,27,17712,0.17045530166971706,0.09409921920547291,0.12173856886465836,0.4770019883430784,0.6362280115053491,0.7286541755602582,0.3980022072792053
mica-v2,SafeRank,6d8d3fd473569a9b6425954bc0fb263657b284c9,28,18368,0.1689863158103133,0.09267401050988275,0.12201586515506942,0.47429549970330676,0.6338845864080498,0.7270791685866558,0.40719857811927795
mica-v2,SafeRank,6d8d3fd473569a9b6425954bc0fb263657b284c9,29,19024,0.1673603251197111,0.09105582989376532,0.12222295460817822,0.4731232716691122,0.6328356300511617,0.7269487735351282,0.41863855719566345
mica-v2,SafeRank,6d8d3fd473569a9b6425954bc0fb263657b284c9,30,19680,0.16595220056778257,0.08967191000871338,0.12273532600674004,0.47190285840005075,0.6313322165987033,0.7264708302351168,0.41569191217422485
mica-v2,SafeRank,6d8d3fd473569a9b6425954bc0fb263657b284c9,31,20336,0.16459165857027797,0.08834589277283572,0.12259304380408914,0.47115069554057826,0.6309457113887901,0.7247912664244219,0.42442795634269714
mica-v2,SafeRank,6d8d3fd473569a9b6425954bc0fb263657b284c9,32,20992,0.16327259350816314,0.08705842738108249,0.12295078014265379,0.47253024461013293,0.6319508405741772,0.7230154424598477,0.4289918839931488
mica-v2,SafeRank,6d8d3fd473569a9b6425954bc0fb263657b284c9,33,21648,0.16154910326401808,0.08539184661427084,0.12248289094564287,0.4724848560097834,0.6327317513723104,0.7253907273668616,0.43202298879623413
mica-v2,SafeRank,6d8d3fd473569a9b6425954bc0fb263657b284c9,34,22304,0.16044245905934804,0.08429180228576065,0.12339597153548847,0.4695870538967745,0.6294029827679639,0.7224267146926953,0.4441309869289398
mica-v2,SafeRank,6d8d3fd473569a9b6425954bc0fb263657b284c9,35,22960,0.15912679258997872,0.08299903541416945,0.1233745745036654,0.47321539019660647,0.633053925212268,0.7222783858357428,0.43227657675743103
mica-v2,SafeRank,6d8d3fd473569a9b6425954bc0fb263657b284c9,36,23616,0.15790424133031292,0.08180981948907819,0.12339598470701255,0.4738260199735789,0.6332867105759131,0.7243533933051041,0.4553218185901642
mica-v2,SafeRank,6d8d3fd473569a9b6425954bc0fb263657b284c9,37,24272,0.15639941618080896,0.08034783073706558,0.12369290720119139,0.47637694948990345,0.6359324701057505,0.7262651607393883,0.45048457384109497
mica-v2,SafeRank,6d8d3fd473569a9b6425954bc0fb263657b284c9,38,24928,0.15590551280182052,0.07984512281328061,0.12399835645618333,0.4720384156146463,0.6316913323897568,0.7243214370887128,0.456598162651062
mica-v2,SafeRank,6d8d3fd473569a9b6425954bc0fb263657b284c9,39,25584,0.154535154428197,0.07850091927132123,0.123944804571027,0.470495737245509,0.6304678543631007,0.720845955395085,0.47183895111083984
mica-v2,SafeRank,6d8d3fd473569a9b6425954bc0fb263657b284c9,40,26240,0.15385280702813972,0.07785046079803984,0.12404808262127781,0.4715288290156134,0.6315708979740327,0.7219802826456408,0.4737507998943329
mica-v2,SafeRank,6d8d3fd473569a9b6425954bc0fb263657b284c9,41,26896,0.15235208659236157,0.0763881001896735,0.12393104918041838,0.472683227448314,0.6328172113118509,0.7220417629853346,0.4670787453651428
mica-v2,SafeRank,6d8d3fd473569a9b6425954bc0fb263657b284c9,42,27552,0.15106628744137823,0.07511935593408152,0.12466039464185959,0.4690413075921796,0.6289633043486141,0.717492906840724,0.4834662079811096
mica-v2,SafeRank,6d8d3fd473569a9b6425954bc0fb263657b284c9,43,28208,0.1506231332492392,0.07469387311978158,0.12444743954035196,0.4705454060983636,0.6306645143675218,0.720552253418021,0.4876794219017029
mica-v2,SafeRank,6d8d3fd473569a9b6425954bc0fb263657b284c9,44,28864,0.14954391282965632,0.07366001513432428,0.12457793324884599,0.4705853114657567,0.6303518687726922,0.7202715668863042,0.4911763072013855
mica-v2,SafeRank,6d8d3fd473569a9b6425954bc0fb263657b284c9,45,29520,0.1481967690871457,0.07232012814437369,0.12493698660627722,0.472493339073477,0.6318415978703615,0.718945443279653,0.49558398127555847
mica-v2,SafeRank,6d8d3fd473569a9b6425954bc0fb263657b284c9,46,30176,0.1476979337036695,0.07184883776619932,0.12509464461096068,0.4724154342956089,0.6321076102555413,0.7205753921406377,0.502037525177002
mica-v2,SafeRank,6d8d3fd473569a9b6425954bc0fb263657b284c9,47,30832,0.14684284171211173,0.07101883739801275,0.1251970116375445,0.46846510212492953,0.6283742686807903,0.7186140480011508,0.5090165734291077
mica-v2,SafeRank,6d8d3fd473569a9b6425954bc0fb263657b284c9,48,31488,0.14609323030420976,0.07027567166858865,0.12504814374602002,0.4693173776135699,0.6295307896631458,0.718856704670387,0.5012126564979553
mica-v2,SafeRank,6d8d3fd473569a9b6425954bc0fb263657b284c9,49,32144,0.1451796904250316,0.06938769614995406,0.12532838722869408,0.46822229475395416,0.6285229499514315,0.7191718407241191,0.5189523696899414
mica-v2,SafeRank,6d8d3fd473569a9b6425954bc0fb263657b284c9,50,32800,0.14511233945657304,0.06933422486304623,0.12536245599404702,0.46674490881204694,0.626966973863456,0.7179833811860297,0.5103126764297485
mica-v2,SafeRank,6d8d3fd473569a9b6425954bc0fb263657b284c9,51,33456,0.14412160966016507,0.068369106720504,0.12532535761904473,0.469154285341585,0.6287657213753652,0.7185126809351977,0.5200681090354919
mica-v2,SafeRank,6d8d3fd473569a9b6425954bc0fb263657b284c9,52,34112,0.1431563149639371,0.0674218338855525,0.12573685066234463,0.4686028695240314,0.628756741868731,0.7185066603589242,0.5090551972389221
mica-v2,SafeRank,6d8d3fd473569a9b6425954bc0fb263657b284c9,53,34768,0.14263185043843665,0.0669138147199571,0.12573914433164357,0.4697327917339773,0.6299641461864166,0.7186295180474294,0.5193669199943542
mica-v2,SafeRank,6d8d3fd473569a9b6425954bc0fb263657b284c9,54,35424,0.14140191803795443,0.06572514775647131,0.1258429375722463,0.4665337688109329,0.626681531765314,0.7164107438662024,0.5300050973892212
mica-v2,SafeRank,6d8d3fd473569a9b6425954bc0fb263657b284c9,55,36080,0.14115935227916174,0.0654900119245615,0.12597200290804902,0.46728733692800023,0.6274855686416533,0.7163801960137787,0.5334869027137756
mica-v2,SafeRank,6d8d3fd473569a9b6425954bc0fb263657b284c9,56,36736,0.14048029528251538,0.06482978410921535,0.1259419834853037,0.46365022264547784,0.6237656428398938,0.7141964554578768,0.5355668663978577
mica-v2,SafeRank,6d8d3fd473569a9b6425954bc0fb263657b284c9,57,37392,0.13972476272226597,0.0641084523101373,0.1260256842325704,0.4666332544676228,0.6266930247234924,0.7173014056413455,0.5452054738998413
mica-v2,SafeRank,6d8d3fd473569a9b6425954bc0fb263657b284c9,58,38048,0.13868481015974943,0.0630822718809036,0.1264472424732524,0.46581865740037126,0.6260660235170062,0.7165324385935691,0.5481112003326416
mica-v2,SafeRank,6d8d3fd473569a9b6425954bc0fb263657b284c9,59,38704,0.13930654233956044,0.0637026572888931,0.12619321658924634,0.4689607978252869,0.6287428583942419,0.7187865008605282,0.5417580604553223
mica-v2,SafeRank,6d8d3fd473569a9b6425954bc0fb263657b284c9,60,39360,0.13802310573934248,0.06247637318535135,0.1261796469751606,0.46650505223842365,0.6270180774943871,0.7164777563830798,0.5444437265396118
dynamic-query,Core,5083cdba2e02067f949e8a6fe0c4dcf2f323748b,1,656,0.2258553410286171,0.22057116875652819,0.10568344207484634,0.5222223411606653,0.6777874818046532,0.7773796774143529,0.21158185601234436
dynamic-query,Core,5083cdba2e02067f949e8a6fe0c4dcf2f323748b,2,1312,0.20236760614989813,0.19690679911151493,0.1092161350580857,0.5361206255400166,0.6898716560474787,0.7890988006183267,0.20533475279808044
dynamic-query,Core,5083cdba2e02067f949e8a6fe0c4dcf2f323748b,3,1968,0.1933994024185062,0.18788799874939857,0.11022807005997075,0.5422441561252869,0.6950055191031947,0.7927301263294768,0.20248271524906158
dynamic-query,Core,5083cdba2e02067f949e8a6fe0c4dcf2f323748b,4,2624,0.18599623535174706,0.18043690692430592,0.11118656831299546,0.5390920660822011,0.6918528742674135,0.7895906574817885,0.205556258559227
dynamic-query,Core,5083cdba2e02067f949e8a6fe0c4dcf2f323748b,5,3280,0.17947695250364104,0.17386943253750045,0.11215040061986188,0.5344110933092018,0.6882106033532162,0.7840590257286169,0.21091458201408386
dynamic-query,Core,5083cdba2e02067f949e8a6fe0c4dcf2f323748b,6,3936,0.17334826929756314,0.1677075356730902,0.1128146717649293,0.5309786065180504,0.6850759307562109,0.780400611671976,0.21675211191177368
dynamic-query,Core,5083cdba2e02067f949e8a6fe0c4dcf2f323748b,7,4592,0.16708884668572976,0.1614265688007332,0.11324556135809652,0.523717253784172,0.6790999076916232,0.7742213955811137,0.22491322457790375
dynamic-query,Core,5083cdba2e02067f949e8a6fe0c4dcf2f323748b,8,5248,0.16133053904380273,0.15562026691239014,0.11420544610528453,0.5219411353483415,0.6770794279342653,0.7709154180723041,0.23211869597434998
dynamic-query,Core,5083cdba2e02067f949e8a6fe0c4dcf2f323748b,9,5904,0.155610618794802,0.14986682408192284,0.11487589634806472,0.5132580125433529,0.6694872819064548,0.7630556227917179,0.24498146772384644
dynamic-query,Core,5083cdba2e02067f949e8a6fe0c4dcf2f323748b,10,6560,0.1504020953794398,0.1446337758648076,0.11536639136807322,0.5140204922899992,0.6700600037145554,0.7620423045563766,0.25111210346221924
dynamic-query,Core,5083cdba2e02067f949e8a6fe0c4dcf2f323748b,11,7216,0.14525776383095787,0.1394528759206054,0.11609775972572042,0.5075003578388326,0.6641313154891098,0.7543331703914694,0.2663731276988983
dynamic-query,Core,5083cdba2e02067f949e8a6fe0c4dcf2f323748b,12,7872,0.14085260485088943,0.13503327993438996,0.11638650303659112,0.5040544676188682,0.6610894633454487,0.7503337671427494,0.27660802006721497
dynamic-query,Core,5083cdba2e02067f949e8a6fe0c4dcf2f323748b,13,8528,0.13651420792589788,0.13067585387423356,0.11676708329069409,0.502209518200804,0.6596414133246423,0.7478869895627344,0.28568992018699646
dynamic-query,Core,5083cdba2e02067f949e8a6fe0c4dcf2f323748b,14,9184,0.13299000417780452,0.1270989560820386,0.11782096413578862,0.49982960031308227,0.6571691950842986,0.7469305973443315,0.2924274206161499
dynamic-query,Core,5083cdba2e02067f949e8a6fe0c4dcf2f323748b,15,9840,0.12889457557949555,0.12300904845558366,0.11771054917232406,0.49950557574788323,0.6570802607897696,0.74418370897202,0.30165091156959534
dynamic-query,Core,5083cdba2e02067f949e8a6fe0c4dcf2f323748b,16,10496,0.1258632383508284,0.119947763619983,0.11830949605886447,0.499639309065917,0.6570084916131743,0.7434634737487069,0.31469836831092834
dynamic-query,Core,5083cdba2e02067f949e8a6fe0c4dcf2f323748b,17,11152,0.12256331724691055,0.11663813957146642,0.11850355655616931,0.4967755362304453,0.6543810905321927,0.7409103676449569,0.31749558448791504
dynamic-query,Core,5083cdba2e02067f949e8a6fe0c4dcf2f323748b,18,11808,0.11969545049936826,0.11376036238608978,0.11870176205105226,0.49209011640823935,0.6500628726154793,0.7356406282158714,0.3288057744503021
dynamic-query,Core,5083cdba2e02067f949e8a6fe0c4dcf2f323748b,19,12464,0.11680780317208506,0.11083581476241552,0.119439766644886,0.4889592264169251,0.6473520203004117,0.7315105839293092,0.3493691086769104
dynamic-query,Core,5083cdba2e02067f949e8a6fe0c4dcf2f323748b,20,13120,0.11467935761035665,0.10871117111355484,0.11936373158966873,0.4879016731681092,0.6463385996796358,0.7318561076244702,0.3436857759952545
dynamic-query,Core,5083cdba2e02067f949e8a6fe0c4dcf2f323748b,21,13776,0.11204775793245085,0.10605637314552256,0.11982769655685814,0.4872153635932148,0.6454086225966567,0.7317024760888519,0.3588736951351166
dynamic-query,Core,5083cdba2e02067f949e8a6fe0c4dcf2f323748b,22,14432,0.10965610400661975,0.10365621155307772,0.11999784805294737,0.48968318044031384,0.6478823526356375,0.7338555769069164,0.3625783920288086
dynamic-query,Core,5083cdba2e02067f949e8a6fe0c4dcf2f323748b,23,15088,0.10761905151635724,0.10160456536148965,0.12028972376931758,0.48976699489110076,0.6481555953733124,0.731980353453572,0.3695356249809265
dynamic-query,Core,5083cdba2e02067f949e8a6fe0c4dcf2f323748b,24,15744,0.10566367145667871,0.0996279137081022,0.12071515616629369,0.4863744036304229,0.6450711785644924,0.7273970738861905,0.3857969045639038
dynamic-query,Core,5083cdba2e02067f949e8a6fe0c4dcf2f323748b,25,16400,0.10370278135417971,0.09766653953522333,0.12072483721446782,0.48348083746890097,0.6422899689858108,0.7284897656831454,0.3898305594921112
dynamic-query,Core,5083cdba2e02067f949e8a6fe0c4dcf2f323748b,26,17056,0.10206983258844911,0.09602914259245425,0.12081380018413732,0.4853610625539913,0.6442100733328819,0.7281821767773363,0.39546677470207214
dynamic-query,Core,5083cdba2e02067f949e8a6fe0c4dcf2f323748b,27,17712,0.10024680907278045,0.09419730087673486,0.12099016409849277,0.4866817356326004,0.6454234353319696,0.7288731466492681,0.39522406458854675
dynamic-query,Core,5083cdba2e02067f949e8a6fe0c4dcf2f323748b,28,18368,0.09858059312230878,0.0925187676021273,0.12123650948376113,0.48380863549109615,0.6425928135011515,0.7283488844137159,0.41474148631095886
dynamic-query,Core,5083cdba2e02067f949e8a6fe0c4dcf2f323748b,29,19024,0.0970596839997991,0.09097641432494996,0.12166539233986604,0.4818260858102724,0.6406868861873857,0.7249300045402026,0.41405269503593445
dynamic-query,Core,5083cdba2e02067f949e8a6fe0c4dcf2f323748b,30,19680,0.0956058986943163,0.08950940306332264,0.1219299169741546,0.48332550344136527,0.6419210721308228,0.7252017782731092,0.41931572556495667
dynamic-query,Core,5083cdba2e02067f949e8a6fe0c4dcf2f323748b,31,20336,0.09417437337603875,0.08808599704810305,0.12176752220869451,0.4782530917580115,0.6372423976614547,0.7228280488295904,0.4342650771141052
dynamic-query,Core,5083cdba2e02067f949e8a6fe0c4dcf2f323748b,32,20992,0.0926302912757717,0.08651613511996792,0.1222831233653989,0.47915285583887196,0.6381737161566873,0.7214538930890164,0.4351921081542969
dynamic-query,Core,5083cdba2e02067f949e8a6fe0c4dcf2f323748b,33,21648,0.09142341927036292,0.08533403464709398,0.12178769397126422,0.4792829177352878,0.6384192725822552,0.7245228888387907,0.4381495714187622
dynamic-query,Core,5083cdba2e02067f949e8a6fe0c4dcf2f323748b,34,22304,0.08996191709901256,0.08383759420156615,0.12248645923177215,0.47423273504089064,0.633746536261329,0.7192395584470463,0.4511913061141968
dynamic-query,Core,5083cdba2e02067f949e8a6fe0c4dcf2f323748b,35,22960,0.0887299516738251,0.0825988818661468,0.12262139369442665,0.4787790336161735,0.6381491198978326,0.7205489735070476,0.4355473518371582
dynamic-query,Core,5083cdba2e02067f949e8a6fe0c4dcf2f323748b,36,23616,0.08769156540391419,0.08156284726413875,0.12257436296243505,0.4816784034489151,0.6406970373755247,0.7235570139937011,0.44816410541534424
dynamic-query,Core,5083cdba2e02067f949e8a6fe0c4dcf2f323748b,37,24272,0.08601615539507684,0.07988015563787593,0.12271999543667157,0.48098802558512216,0.6401443313451418,0.7221230860708915,0.46097490191459656
dynamic-query,Core,5083cdba2e02067f949e8a6fe0c4dcf2f323748b,38,24928,0.08568722124162922,0.0795333105607271,0.12307821620646031,0.4771317053531896,0.6364155129393586,0.7226750430730344,0.4549258351325989
dynamic-query,Core,5083cdba2e02067f949e8a6fe0c4dcf2f323748b,39,25584,0.08421369175052766,0.07805366405487538,0.1232005556348691,0.4777433422092204,0.6372551325948472,0.719014025332997,0.4715827405452728
dynamic-query,Core,5083cdba2e02067f949e8a6fe0c4dcf2f323748b,40,26240,0.08379300106386062,0.07764112951431275,0.12303743092276619,0.4776744563152195,0.6370458200539928,0.7182979351360602,0.4742017090320587
dynamic-query,Core,5083cdba2e02067f949e8a6fe0c4dcf2f323748b,41,26896,0.08236781839735573,0.076217932788026,0.12299771065726864,0.4770639374354432,0.6366935738448389,0.7197679782720928,0.4718334376811981
dynamic-query,Core,5083cdba2e02067f949e8a6fe0c4dcf2f323748b,42,27552,0.08145878313039845,0.0752798641356775,0.12357837978929113,0.47538105641720485,0.6344134199065302,0.7165901669364935,0.47435110807418823
dynamic-query,Core,5083cdba2e02067f949e8a6fe0c4dcf2f323748b,43,28208,0.08057575249973965,0.07438766141979253,0.12376182032888458,0.47812675531057236,0.637569408393408,0.7202652842665378,0.49009761214256287
dynamic-query,Core,5083cdba2e02067f949e8a6fe0c4dcf2f323748b,44,28864,0.07937152016812392,0.07318565943286807,0.12371721781349146,0.4774755816170506,0.6367226184722673,0.718750922857582,0.49234339594841003
dynamic-query,Core,5083cdba2e02067f949e8a6fe0c4dcf2f323748b,45,29520,0.0784110913104831,0.0722248627321999,0.12372457173187952,0.48054644760551035,0.6399301757083614,0.721357004452278,0.49333181977272034
dynamic-query,Core,5083cdba2e02067f949e8a6fe0c4dcf2f323748b,46,30176,0.07785333170868873,0.07164867188639791,0.12409319725700574,0.4795767439742595,0.6387694312273968,0.7218497840481365,0.4993651509284973
dynamic-query,Core,5083cdba2e02067f949e8a6fe0c4dcf2f323748b,47,30832,0.0768993301435187,0.0706956032022517,0.12407453751550387,0.4750842251266308,0.6345073180666806,0.7188060351127994,0.5052990317344666
dynamic-query,Core,5083cdba2e02067f949e8a6fe0c4dcf2f323748b,48,31488,0.07624130408874583,0.0700295587820654,0.12423490704708416,0.4785045551136773,0.6377931074456344,0.7198157574760777,0.5061440467834473
dynamic-query,Core,5083cdba2e02067f949e8a6fe0c4dcf2f323748b,49,32144,0.07553843821591856,0.0693181423781677,0.12440591398901817,0.47566657271345764,0.635471096007206,0.7183653233936665,0.5113755464553833
dynamic-query,Core,5083cdba2e02067f949e8a6fe0c4dcf2f323748b,50,32800,0.07484929320701755,0.06863586262787635,0.1242686148687795,0.47588532943947615,0.6355702136692963,0.7167080585139135,0.5146250128746033
dynamic-query,Core,5083cdba2e02067f949e8a6fe0c4dcf2f323748b,51,33456,0.07425979338390991,0.06804058341021214,0.12438419972327885,0.4762521106056223,0.6357780648434357,0.7167778485307104,0.5197804570198059
dynamic-query,Core,5083cdba2e02067f949e8a6fe0c4dcf2f323748b,52,34112,0.07360706941274979,0.06738263311354513,0.12448872493423535,0.47814310483832834,0.6374759035322882,0.717379883938976,0.5151686072349548
dynamic-query,Core,5083cdba2e02067f949e8a6fe0c4dcf2f323748b,53,34768,0.07294848228997709,0.06672305088827296,0.12450862856256302,0.47616245539250746,0.6357226135371263,0.7161646999441882,0.5205157399177551
dynamic-query,Core,5083cdba2e02067f949e8a6fe0c4dcf2f323748b,54,35424,0.07188955347799279,0.0656558800734127,0.12467346909031626,0.4741082889098331,0.633947403712559,0.7165966491948941,0.527023434638977
dynamic-query,Core,5083cdba2e02067f949e8a6fe0c4dcf2f323748b,55,36080,0.07125137057107424,0.06501452504469062,0.12473691044527487,0.4762585864587123,0.6364393775977387,0.7178581279450107,0.5358757376670837
dynamic-query,Core,5083cdba2e02067f949e8a6fe0c4dcf2f323748b,56,36736,0.07081512623519026,0.06458115173239694,0.12467948795188905,0.4724202046191785,0.6321265920822503,0.713655728744967,0.5319273471832275
dynamic-query,Core,5083cdba2e02067f949e8a6fe0c4dcf2f323748b,57,37392,0.0697293797548193,0.06348466716542668,0.12489424999357576,0.4786281018801527,0.638043839464745,0.7192223671358862,0.5367318391799927
dynamic-query,Core,5083cdba2e02067f949e8a6fe0c4dcf2f323748b,58,38048,0.06917963246790489,0.06292334017961357,0.12512584327472293,0.4715326957831854,0.631248299305627,0.7133259253801248,0.5491612553596497
dynamic-query,Core,5083cdba2e02067f949e8a6fe0c4dcf2f323748b,59,38704,0.0692445710663664,0.062987680887273,0.12513779939451258,0.47527820552973854,0.6349316835550326,0.7180445552764819,0.5531919598579407
dynamic-query,Core,5083cdba2e02067f949e8a6fe0c4dcf2f323748b,60,39360,0.06830733488090546,0.06204900591897833,0.12516657883223775,0.4740902602140073,0.6338637160545393,0.7145235242314353,0.5402646064758301
dynamic-query,StaticMultiQuery,5083cdba2e02067f949e8a6fe0c4dcf2f323748b,1,656,0.22477710236953205,0.21947994907496257,0.10594306642626293,0.5234859356749381,0.6789205254639602,0.7786745882052005,0.21045280992984772
dynamic-query,StaticMultiQuery,5083cdba2e02067f949e8a6fe0c4dcf2f323748b,2,1312,0.20155106698129024,0.19607852682484062,0.10945080162097642,0.5373448585115097,0.6907720696897924,0.7898280515620971,0.20408783853054047
dynamic-query,StaticMultiQuery,5083cdba2e02067f949e8a6fe0c4dcf2f323748b,3,1968,0.19250031962347208,0.18698526705080792,0.11030105174593617,0.5430541680531868,0.695736603701226,0.7925920339091012,0.20177368819713593
dynamic-query,StaticMultiQuery,5083cdba2e02067f949e8a6fe0c4dcf2f323748b,4,2624,0.1850572500684398,0.17949094057270656,0.1113261924434156,0.5424255877984219,0.6948160232542354,0.7915620315428753,0.20481392741203308
dynamic-query,StaticMultiQuery,5083cdba2e02067f949e8a6fe0c4dcf2f323748b,5,3280,0.17832659162202363,0.17271577387221357,0.11221635577187478,0.5367994875911438,0.6903854929053079,0.7849562978116903,0.21003589034080505
dynamic-query,StaticMultiQuery,5083cdba2e02067f949e8a6fe0c4dcf2f323748b,6,3936,0.17207519900714696,0.1664253756942348,0.11299646507981667,0.5330766476694496,0.6871438715882389,0.7808410112030978,0.21611890196800232
dynamic-query,StaticMultiQuery,5083cdba2e02067f949e8a6fe0c4dcf2f323748b,7,4592,0.16566570170649197,0.15999351558637342,0.11344372079419912,0.5236962335758963,0.6785719629030538,0.7735578625059557,0.2255551815032959
dynamic-query,StaticMultiQuery,5083cdba2e02067f949e8a6fe0c4dcf2f323748b,8,5248,0.15966698804220125,0.15394736162125525,0.11439253155428684,0.5219008300677578,0.67714487784555,0.7707684015591958,0.23336675763130188
dynamic-query,StaticMultiQuery,5083cdba2e02067f949e8a6fe0c4dcf2f323748b,9,5904,0.15400115815168433,0.1482528021513126,0.11496712049613725,0.5134993382187035,0.6697719665148938,0.7639182849774756,0.24670647084712982
dynamic-query,StaticMultiQuery,5083cdba2e02067f949e8a6fe0c4dcf2f323748b,10,6560,0.14855935612304705,0.14277308575105072,0.1157254095936267,0.5105560545644565,0.6672627156798342,0.7602489516488723,0.2554170489311218
dynamic-query,StaticMultiQuery,5083cdba2e02067f949e8a6fe0c4dcf2f323748b,11,7216,0.14321224595323193,0.13740131566108313,0.11621860594029013,0.5077401319903159,0.6648618881150481,0.7560365293986014,0.26602524518966675
dynamic-query,StaticMultiQuery,5083cdba2e02067f949e8a6fe0c4dcf2f323748b,12,7872,0.13891530376176656,0.13308736183291248,0.1165588373311744,0.49896940213714724,0.6567176786641148,0.7489953909631291,0.2800922691822052
dynamic-query,StaticMultiQuery,5083cdba2e02067f949e8a6fe0c4dcf2f323748b,13,8528,0.13430164864064625,0.12844542891642355,0.11712439522177012,0.49999951874391735,0.6578163663244169,0.7488634078316749,0.28800252079963684
dynamic-query,StaticMultiQuery,5083cdba2e02067f949e8a6fe0c4dcf2f323748b,14,9184,0.13019187666176726,0.12430671222606689,0.11770328998122433,0.4998844832836517,0.6577818843499522,0.745161506593475,0.2975538671016693
dynamic-query,StaticMultiQuery,5083cdba2e02067f949e8a6fe0c4dcf2f323748b,15,9840,0.12663629601347012,0.12073542758011252,0.1180173665688574,0.49710551962273586,0.6550016209079134,0.7432557453444003,0.3127853572368622
dynamic-query,StaticMultiQuery,5083cdba2e02067f949e8a6fe0c4dcf2f323748b,16,10496,0.1234942708917041,0.11757186019525183,0.11844821490218817,0.4964353756603398,0.6544498105949037,0.7430207515205824,0.32054680585861206
dynamic-query,StaticMultiQuery,5083cdba2e02067f949e8a6fe0c4dcf2f323748b,17,11152,0.12001737278206627,0.11406840972438283,0.11897926193502431,0.49458241929860647,0.6527537255142769,0.7410098864259128,0.3282361626625061
dynamic-query,StaticMultiQuery,5083cdba2e02067f949e8a6fe0c4dcf2f323748b,18,11808,0.11714555052774903,0.11119968963142164,0.11891721847065526,0.4868093237525471,0.6456101585505322,0.731563736708589,0.33642837405204773
dynamic-query,StaticMultiQuery,5083cdba2e02067f949e8a6fe0c4dcf2f323748b,19,12464,0.11457683153032108,0.10859846721154422,0.11956728927933893,0.490094303663589,0.6484074762243183,0.7343169934309915,0.3488765060901642
dynamic-query,StaticMultiQuery,5083cdba2e02067f949e8a6fe0c4dcf2f323748b,20,13120,0.11151028521247446,0.10552462538163898,0.11971319338473888,0.4897378972054934,0.6484689105472798,0.7333984367139168,0.3490534722805023
dynamic-query,StaticMultiQuery,5083cdba2e02067f949e8a6fe0c4dcf2f323748b,21,13776,0.10974301038021718,0.10373210216193059,0.12021816230295315,0.4879870579582561,0.6467611786277613,0.7292501797769826,0.3610394299030304
dynamic-query,StaticMultiQuery,5083cdba2e02067f949e8a6fe0c4dcf2f323748b,22,14432,0.1069327293462687,0.10091666042213729,0.12032138018669351,0.4902261561558998,0.6489302267584254,0.7327572810874048,0.35855501890182495
dynamic-query,StaticMultiQuery,5083cdba2e02067f949e8a6fe0c4dcf2f323748b,23,15088,0.10525893587759355,0.09923011989299262,0.12057631697716323,0.48456151174055356,0.6434030004688162,0.7286936521543849,0.3866519331932068
dynamic-query,StaticMultiQuery,5083cdba2e02067f949e8a6fe0c4dcf2f323748b,24,15744,0.1030299219428294,0.09698489338403912,0.12090057358593218,0.48745289905668754,0.6461630380337985,0.7308586354251353,0.38456398248672485
dynamic-query,StaticMultiQuery,5083cdba2e02067f949e8a6fe0c4dcf2f323748b,25,16400,0.10130422426546958,0.0952535225786123,0.12101403389341646,0.48585501536866815,0.6448335168163926,0.7302163953035208,0.40177035331726074
dynamic-query,StaticMultiQuery,5083cdba2e02067f949e8a6fe0c4dcf2f323748b,26,17056,0.09961475091177034,0.09355204708185923,0.12125407659040868,0.48224785455339675,0.6416019139420306,0.726789947137478,0.4062551259994507
dynamic-query,StaticMultiQuery,5083cdba2e02067f949e8a6fe0c4dcf2f323748b,27,17712,0.09746590761730811,0.09139014032195847,0.12151534460781187,0.4836099871405868,0.6426148089278577,0.7265685734601377,0.4130883514881134
dynamic-query,StaticMultiQuery,5083cdba2e02067f949e8a6fe0c4dcf2f323748b,28,18368,0.09592001096503798,0.08984037097737041,0.12159280229133627,0.48234293030211456,0.6417980113748919,0.7257919208182442,0.41572996973991394
dynamic-query,StaticMultiQuery,5083cdba2e02067f949e8a6fe0c4dcf2f323748b,29,19024,0.09451704412210044,0.08842562450937211,0.12182839518038785,0.4847111541418547,0.643693472785595,0.7287875755376253,0.41618502140045166
dynamic-query,StaticMultiQuery,5083cdba2e02067f949e8a6fe0c4dcf2f323748b,30,19680,0.09259720675349634,0.0864913894616679,0.12211634439958473,0.48074830108174843,0.6398229549030179,0.7220073469903241,0.4267136752605438
dynamic-query,StaticMultiQuery,5083cdba2e02067f949e8a6fe0c4dcf2f323748b,31,20336,0.09151730812437507,0.08540206417670092,0.12230487920209625,0.4839268610613301,0.6433067212175612,0.7261300044048918,0.43945470452308655
dynamic-query,StaticMultiQuery,5083cdba2e02067f949e8a6fe0c4dcf2f323748b,32,20992,0.09001583440144235,0.08389490151603657,0.12241865840636351,0.48108526941321855,0.6402341743009877,0.7214217762635132,0.44211649894714355
dynamic-query,StaticMultiQuery,5083cdba2e02067f949e8a6fe0c4dcf2f323748b,33,21648,0.08884795215444327,0.08272740357806814,0.12241097218810301,0.48018777442970556,0.6395715079900568,0.7226829837129776,0.4514966905117035
dynamic-query,StaticMultiQuery,5083cdba2e02067f949e8a6fe0c4dcf2f323748b,34,22304,0.08771325262338533,0.08157453676196456,0.12277431709771616,0.47639525454274584,0.6361230019114825,0.7218559379275279,0.4678189754486084
dynamic-query,StaticMultiQuery,5083cdba2e02067f949e8a6fe0c4dcf2f323748b,35,22960,0.08608674761683917,0.07994165633430311,0.12290182794222376,0.4790992881034779,0.6386043523220504,0.7218878932566891,0.4565570652484894
dynamic-query,StaticMultiQuery,5083cdba2e02067f949e8a6fe0c4dcf2f323748b,36,23616,0.0853155829408044,0.07917118317997482,0.1228879914632436,0.4830400978444103,0.6420247570521231,0.7254297133231609,0.45485132932662964
dynamic-query,StaticMultiQuery,5083cdba2e02067f949e8a6fe0c4dcf2f323748b,37,24272,0.08412676216498698,0.07796962375533582,0.12314276959733225,0.4793335983959264,0.6387907353024656,0.7234921403783331,0.46976181864738464
dynamic-query,StaticMultiQuery,5083cdba2e02067f949e8a6fe0c4dcf2f323748b,38,24928,0.08287850017627846,0.07671220467881111,0.12332590869349536,0.4799751327544248,0.6393322824035664,0.7226291754577145,0.4596436619758606
dynamic-query,StaticMultiQuery,5083cdba2e02067f949e8a6fe0c4dcf2f323748b,39,25584,0.08175700596221262,0.07557661557087612,0.12360780861803,0.47716924996400273,0.636614207946449,0.7188293849674071,0.48449036478996277
dynamic-query,StaticMultiQuery,5083cdba2e02067f949e8a6fe0c4dcf2f323748b,40,26240,0.0811923287112068,0.07501585443886576,0.12352948462284603,0.47953392367580905,0.6387704556964998,0.7209774995275979,0.4849902391433716
dynamic-query,StaticMultiQuery,5083cdba2e02067f949e8a6fe0c4dcf2f323748b,41,26896,0.08003579661362345,0.07385290669527167,0.12365779835424998,0.48051966269546015,0.6398095417067765,0.7225216582322355,0.4851781129837036
dynamic-query,StaticMultiQuery,5083cdba2e02067f949e8a6fe0c4dcf2f323748b,42,27552,0.07891560777835707,0.07273949368394515,0.12352228246999317,0.4771261507078857,0.6367410258532626,0.7184726626656603,0.4923003911972046
dynamic-query,StaticMultiQuery,5083cdba2e02067f949e8a6fe0c4dcf2f323748b,43,28208,0.0782805105440609,0.07209162931260304,0.12377762351963242,0.47923719395432274,0.6387346693298328,0.7202528472515619,0.507085919380188
dynamic-query,StaticMultiQuery,5083cdba2e02067f949e8a6fe0c4dcf2f323748b,44,28864,0.07734794638832891,0.0711491105532678,0.12397671656555051,0.4787711996482652,0.6383619796741015,0.7208899744976589,0.5098078846931458
dynamic-query,StaticMultiQuery,5083cdba2e02067f949e8a6fe0c4dcf2f323748b,45,29520,0.0762649281764635,0.07006569538293525,0.12398465785947038,0.4790397726292881,0.6382603760921082,0.7178903065580121,0.5003123879432678
dynamic-query,StaticMultiQuery,5083cdba2e02067f949e8a6fe0c4dcf2f323748b,46,30176,0.07515079947326121,0.06893177549344522,0.12438047953381166,0.47670330602010536,0.6361610815264556,0.7187026558776474,0.5121445655822754
dynamic-query,StaticMultiQuery,5083cdba2e02067f949e8a6fe0c4dcf2f323748b,47,30832,0.07485926511338492,0.06864992430703021,0.12418681549916834,0.4749169493782137,0.6344534747650611,0.7172035577011951,0.5186302065849304
dynamic-query,StaticMultiQuery,5083cdba2e02067f949e8a6fe0c4dcf2f323748b,48,31488,0.07417945890257749,0.06796240649456087,0.12434104719500329,0.4794508567143372,0.6390666810043913,0.7220519451373975,0.5125030875205994
dynamic-query,StaticMultiQuery,5083cdba2e02067f949e8a6fe0c4dcf2f323748b,49,32144,0.0730663766021303,0.06683770214077037,0.12457348926697664,0.47743446486488333,0.6371589210118074,0.7192337378732374,0.5232864022254944
dynamic-query,StaticMultiQuery,5083cdba2e02067f949e8a6fe0c4dcf2f323748b,50,32800,0.07210238699631055,0.06586526563293953,0.12474242473582837,0.4748833214906023,0.6344173188143432,0.7174028285048499,0.5391376614570618
dynamic-query,StaticMultiQuery,5083cdba2e02067f949e8a6fe0c4dcf2f323748b,51,33456,0.07179287692628014,0.06556161198207791,0.12462529566059782,0.47712156167784464,0.6365603710239961,0.7218729922064353,0.5368430614471436
dynamic-query,StaticMultiQuery,5083cdba2e02067f949e8a6fe0c4dcf2f323748b,52,34112,0.07133876144905905,0.06509430878967493,0.12488905235660441,0.47575965425582073,0.6352001764143185,0.7206332756619055,0.531461775302887
dynamic-query,StaticMultiQuery,5083cdba2e02067f949e8a6fe0c4dcf2f323748b,53,34768,0.07004011015167386,0.06379829846277786,0.12483623272380016,0.475699317170569,0.6355690230557088,0.7195936941114492,0.5356062650680542
dynamic-query,StaticMultiQuery,5083cdba2e02067f949e8a6fe0c4dcf2f323748b,54,35424,0.06965281264972774,0.06340816852981408,0.12489288262273508,0.47425373864472753,0.6336646738482968,0.7160439847993345,0.5409587025642395
dynamic-query,StaticMultiQuery,5083cdba2e02067f949e8a6fe0c4dcf2f323748b,55,36080,0.06873712949870324,0.06247732435897474,0.12519610489996796,0.47772213670128544,0.6369934760876216,0.7179053104129808,0.5465095639228821
dynamic-query,StaticMultiQuery,5083cdba2e02067f949e8a6fe0c4dcf2f323748b,56,36736,0.06823841980408527,0.061975333157034275,0.1252617339894569,0.4726889920923743,0.6326033473629944,0.7131769485843448,0.5369897484779358
dynamic-query,StaticMultiQuery,5083cdba2e02067f949e8a6fe0c4dcf2f323748b,57,37392,0.06786886395580924,0.06161722464140496,0.1250327866247787,0.47588674783281665,0.635501503397775,0.7181367584785163,0.5469995141029358
dynamic-query,StaticMultiQuery,5083cdba2e02067f949e8a6fe0c4dcf2f323748b,58,38048,0.06747680572464895,0.061210589567376045,0.12532431997173404,0.46946925833925773,0.6287030129656414,0.7154388799775093,0.5664632320404053
dynamic-query,StaticMultiQuery,5083cdba2e02067f949e8a6fe0c4dcf2f323748b,59,38704,0.06669426835993132,0.06042853687006498,0.12531462755199496,0.4768012196328143,0.6362270094406202,0.7184826163149773,0.5530253648757935
dynamic-query,StaticMultiQuery,5083cdba2e02067f949e8a6fe0c4dcf2f323748b,60,39360,0.06624729260951437,0.059979659522502594,0.1253526615385037,0.4754450316968331,0.6349975816635346,0.716661592418689,0.5538831353187561
dynamic-query,GlobalDynamicMultiQuery,5083cdba2e02067f949e8a6fe0c4dcf2f323748b,1,656,0.22479844681896602,0.21950090439795356,0.1059508497925934,0.5238887314437763,0.6793745261654708,0.7780725455431166,0.21070072054862976
dynamic-query,GlobalDynamicMultiQuery,5083cdba2e02067f949e8a6fe0c4dcf2f323748b,2,1312,0.20143245609930172,0.19595837723209833,0.10948157850473576,0.5395532543882829,0.6927302398442239,0.7899201255338008,0.20428593456745148
dynamic-query,GlobalDynamicMultiQuery,5083cdba2e02067f949e8a6fe0c4dcf2f323748b,3,1968,0.19221536972289976,0.186699706438454,0.11031327094956955,0.5423755448061097,0.695047673832018,0.7926988116703296,0.2023562639951706
dynamic-query,GlobalDynamicMultiQuery,5083cdba2e02067f949e8a6fe0c4dcf2f323748b,4,2624,0.18472437337516817,0.17915416937024864,0.1114040874040653,0.5392727988046151,0.6922331920207744,0.789241074029365,0.2056235820055008
dynamic-query,GlobalDynamicMultiQuery,5083cdba2e02067f949e8a6fe0c4dcf2f323748b,5,3280,0.1779775650974156,0.17236503917645404,0.11225051873035297,0.534874082308264,0.6887501937996067,0.7831559459003873,0.2107589989900589
dynamic-query,GlobalDynamicMultiQuery,5083cdba2e02067f949e8a6fe0c4dcf2f323748b,6,3936,0.1715843390095551,0.16592998216219018,0.11308713806534713,0.5274789696479877,0.6820237607839807,0.7781995856543811,0.21803967654705048
dynamic-query,GlobalDynamicMultiQuery,5083cdba2e02067f949e8a6fe0c4dcf2f323748b,7,4592,0.1651216014482373,0.15944731043432742,0.11348582504872815,0.5216073147852869,0.676688865164098,0.772054293410047,0.22773444652557373
dynamic-query,GlobalDynamicMultiQuery,5083cdba2e02067f949e8a6fe0c4dcf2f323748b,8,5248,0.1590937147681826,0.1533720974802164,0.11443235034801244,0.5191322469753729,0.6746789894746775,0.7702328677236361,0.23494401574134827
dynamic-query,GlobalDynamicMultiQuery,5083cdba2e02067f949e8a6fe0c4dcf2f323748b,9,5904,0.15306656375145228,0.14731321283113127,0.11506701666754869,0.5105851564224467,0.6670349821802204,0.762084532310128,0.24930241703987122
dynamic-query,GlobalDynamicMultiQuery,5083cdba2e02067f949e8a6fe0c4dcf2f323748b,10,6560,0.14771424151231796,0.141927472020323,0.11573539153473066,0.5053072836992037,0.6622523551773145,0.757596933683698,0.25758543610572815
dynamic-query,GlobalDynamicMultiQuery,5083cdba2e02067f949e8a6fe0c4dcf2f323748b,11,7216,0.1423433592724316,0.1365283781900364,0.11629961284557803,0.5055566332094824,0.6626249143600335,0.7524397967086413,0.273280531167984
dynamic-query,GlobalDynamicMultiQuery,5083cdba2e02067f949e8a6fe0c4dcf2f323748b,12,7872,0.13777983100833197,0.13195650171126613,0.11646658425216783,0.4993514350543089,0.6568990668276675,0.747275972987257,0.2843468189239502
dynamic-query,GlobalDynamicMultiQuery,5083cdba2e02067f949e8a6fe0c4dcf2f323748b,13,8528,0.13350297953297383,0.12765462148750983,0.11696715871082929,0.4991433524315588,0.6567472663190105,0.748045001451236,0.2884097695350647
dynamic-query,GlobalDynamicMultiQuery,5083cdba2e02067f949e8a6fe0c4dcf2f323748b,14,9184,0.1294682050877286,0.12357381895853642,0.11788772090748116,0.49519197274172,0.6534280273493303,0.7423259250634442,0.3008536696434021
dynamic-query,GlobalDynamicMultiQuery,5083cdba2e02067f949e8a6fe0c4dcf2f323748b,15,9840,0.1256048231954706,0.11970091278928742,0.11807820750923399,0.49322744149833975,0.6511669294778725,0.7397485373657632,0.31493663787841797
dynamic-query,GlobalDynamicMultiQuery,5083cdba2e02067f949e8a6fe0c4dcf2f323748b,16,10496,0.12241550052014828,0.11649089870731669,0.1184920364477089,0.493861639682243,0.6517508212336558,0.739969310684959,0.3238396644592285
dynamic-query,GlobalDynamicMultiQuery,5083cdba2e02067f949e8a6fe0c4dcf2f323748b,17,11152,0.11928549579958497,0.11334616384724777,0.11878664193420804,0.4894264340227818,0.6476110297863635,0.7351218752495104,0.3381062150001526
dynamic-query,GlobalDynamicMultiQuery,5083cdba2e02067f949e8a6fe0c4dcf2f323748b,18,11808,0.1162496995628704,0.11029593561500643,0.11907527906666926,0.4895579708984169,0.6477932292672474,0.7338704646881167,0.3401595652103424
dynamic-query,GlobalDynamicMultiQuery,5083cdba2e02067f949e8a6fe0c4dcf2f323748b,19,12464,0.1134176181109166,0.10743146179822304,0.11972312494261451,0.4842669454991872,0.64269151694009,0.7297599324052316,0.3622489273548126
dynamic-query,GlobalDynamicMultiQuery,5083cdba2e02067f949e8a6fe0c4dcf2f323748b,20,13120,0.11101735418291107,0.10503171062700195,0.11971287143356592,0.4866668725939212,0.6454029142122408,0.7333606859452066,0.3507094383239746
dynamic-query,GlobalDynamicMultiQuery,5083cdba2e02067f949e8a6fe0c4dcf2f323748b,21,13776,0.10852079013900064,0.10250787131025903,0.12025837716582119,0.4837520246309225,0.6423893839049366,0.7268229000882901,0.37501922249794006
dynamic-query,GlobalDynamicMultiQuery,5083cdba2e02067f949e8a6fe0c4dcf2f323748b,22,14432,0.10623309144938295,0.10022156094814895,0.1202306095771765,0.487842065052411,0.6464130056836753,0.7299580217225367,0.37672197818756104
dynamic-query,GlobalDynamicMultiQuery,5083cdba2e02067f949e8a6fe0c4dcf2f323748b,23,15088,0.10436170666398396,0.0983357463976382,0.12051920479488323,0.4831055647794997,0.642002448142211,0.7258492514336087,0.39204949140548706
dynamic-query,GlobalDynamicMultiQuery,5083cdba2e02067f949e8a6fe0c4dcf2f323748b,24,15744,0.10219060436185225,0.09614122950910829,0.12098749708258193,0.4856884524596777,0.6446615870241836,0.7280189614174732,0.38785526156425476
dynamic-query,GlobalDynamicMultiQuery,5083cdba2e02067f949e8a6fe0c4dcf2f323748b,25,16400,0.10036902737757852,0.0943242431039271,0.12089568556679114,0.4829749788861803,0.6419284603004346,0.7268027009289458,0.40284642577171326
dynamic-query,GlobalDynamicMultiQuery,5083cdba2e02067f949e8a6fe0c4dcf2f323748b,26,17056,0.098916284328694,0.09284965399095471,0.12133260518426106,0.48093420024601224,0.6400698464645623,0.7262006186897011,0.4019627273082733
dynamic-query,GlobalDynamicMultiQuery,5083cdba2e02067f949e8a6fe0c4dcf2f323748b,27,17712,0.0966570204982813,0.0905753095702739,0.12163422197538218,0.4831298373588427,0.6423611091572757,0.7256282891785429,0.4264480471611023
dynamic-query,GlobalDynamicMultiQuery,5083cdba2e02067f949e8a6fe0c4dcf2f323748b,28,18368,0.09493193262491,0.08884602501620463,0.1217181523161719,0.4818101105274198,0.640868736143192,0.7264571839386709,0.42001867294311523
dynamic-query,GlobalDynamicMultiQuery,5083cdba2e02067f949e8a6fe0c4dcf2f323748b,29,19024,0.09384702003846598,0.087753237331575,0.12187565448232665,0.48259373168731867,0.6418612938443268,0.7245352070643725,0.42958971858024597
dynamic-query,GlobalDynamicMultiQuery,5083cdba2e02067f949e8a6fe0c4dcf2f323748b,30,19680,0.0920509432533674,0.08594475135410329,0.12212383876237598,0.47932667596359363,0.6384110392051748,0.7215397875715702,0.4354865550994873
dynamic-query,GlobalDynamicMultiQuery,5083cdba2e02067f949e8a6fe0c4dcf2f323748b,31,20336,0.09052500114681632,0.08441979782076034,0.12210406431627632,0.48146033870310945,0.6403932985283516,0.7238467563882894,0.45363566279411316
dynamic-query,GlobalDynamicMultiQuery,5083cdba2e02067f949e8a6fe0c4dcf2f323748b,32,20992,0.08920955585719109,0.08308253525928996,0.12254041171438167,0.4766716120575977,0.6357561064366034,0.7203777836390223,0.4354778826236725
dynamic-query,GlobalDynamicMultiQuery,5083cdba2e02067f949e8a6fe0c4dcf2f323748b,33,21648,0.08760958571874534,0.08147916015720945,0.12260850962680815,0.47952773069680277,0.6389181342768676,0.7229094330653516,0.45608651638031006
dynamic-query,GlobalDynamicMultiQuery,5083cdba2e02067f949e8a6fe0c4dcf2f323748b,34,22304,0.08672826666630352,0.080584294311237,0.1228794478215984,0.4764264662250507,0.635787589214574,0.7178675678852728,0.4614305794239044
dynamic-query,GlobalDynamicMultiQuery,5083cdba2e02067f949e8a6fe0c4dcf2f323748b,35,22960,0.08607432403544792,0.07992242304868381,0.12303802083841395,0.4802893067215311,0.6395844354385538,0.7229063318135094,0.4557672142982483
dynamic-query,GlobalDynamicMultiQuery,5083cdba2e02067f949e8a6fe0c4dcf2f323748b,36,23616,0.08440082604135682,0.07825765235883876,0.12286346914478066,0.4807621206432557,0.6403379951415971,0.7219937592333332,0.464926540851593
dynamic-query,GlobalDynamicMultiQuery,5083cdba2e02067f949e8a6fe0c4dcf2f323748b,37,24272,0.08296041042237709,0.0767987484412671,0.1232332364285864,0.4785959511169364,0.6381685962868862,0.7215749125431636,0.47544729709625244
dynamic-query,GlobalDynamicMultiQuery,5083cdba2e02067f949e8a6fe0c4dcf2f323748b,38,24928,0.0819843006632396,0.07581775433038754,0.12333092599928192,0.4783653142844029,0.6379178762801577,0.7208577673442004,0.47251906991004944
dynamic-query,GlobalDynamicMultiQuery,5083cdba2e02067f949e8a6fe0c4dcf2f323748b,39,25584,0.08095155744701951,0.0747778659100607,0.12347382937109337,0.47708834476524126,0.6364845961813136,0.7192216897339311,0.4791802763938904
dynamic-query,GlobalDynamicMultiQuery,5083cdba2e02067f949e8a6fe0c4dcf2f323748b,40,26240,0.07980482200414031,0.07362210673509761,0.12365430379683301,0.47966883065703897,0.6388134934623769,0.7233492394448898,0.4945087730884552
dynamic-query,GlobalDynamicMultiQuery,5083cdba2e02067f949e8a6fe0c4dcf2f323748b,41,26896,0.07889022606323144,0.07272369063810326,0.12333071057031489,0.4765814872742405,0.6361822003586155,0.7203211236695346,0.5001009702682495
dynamic-query,GlobalDynamicMultiQuery,5083cdba2e02067f949e8a6fe0c4dcf2f323748b,42,27552,0.07804729624416344,0.07184433428268208,0.1240592374658946,0.47569367211637664,0.6354183805843103,0.7186431770968386,0.49951276183128357
dynamic-query,GlobalDynamicMultiQuery,5083cdba2e02067f949e8a6fe0c4dcf2f323748b,43,28208,0.07678194049401646,0.07059151200732645,0.12380857143431422,0.4738122766690699,0.6335075246376208,0.7198102943937609,0.5081368684768677
dynamic-query,GlobalDynamicMultiQuery,5083cdba2e02067f949e8a6fe0c4dcf2f323748b,44,28864,0.07630384295244032,0.07009352961765912,0.1242062666736041,0.47465137694298176,0.6340318729489134,0.7179460554216588,0.5049776434898376
dynamic-query,GlobalDynamicMultiQuery,5083cdba2e02067f949e8a6fe0c4dcf2f323748b,45,29520,0.07551378097013314,0.06930779173312464,0.12411978643358078,0.4764758170412157,0.6358868082443274,0.7190323129676272,0.504858672618866
dynamic-query,GlobalDynamicMultiQuery,5083cdba2e02067f949e8a6fe0c4dcf2f323748b,46,30176,0.07424512228789372,0.06803003616260953,0.12430172372886047,0.47524048843350886,0.6346662627235818,0.7181773611961989,0.5082225203514099
dynamic-query,GlobalDynamicMultiQuery,5083cdba2e02067f949e8a6fe0c4dcf2f323748b,47,30832,0.07369106147991984,0.06746409584747073,0.12453930814553289,0.4751841839667075,0.6347130438453102,0.7190505660105525,0.521312952041626
dynamic-query,GlobalDynamicMultiQuery,5083cdba2e02067f949e8a6fe0c4dcf2f323748b,48,31488,0.07309167799106123,0.06686932188486709,0.12444712120117274,0.4790422404449634,0.6384920630680149,0.7196152433129822,0.5331388711929321
dynamic-query,GlobalDynamicMultiQuery,5083cdba2e02067f949e8a6fe0c4dcf2f323748b,49,32144,0.07192017598933062,0.06569267832618592,0.12454995218462321,0.4768061354788078,0.6363460531031779,0.7203164310093907,0.5426911115646362
dynamic-query,GlobalDynamicMultiQuery,5083cdba2e02067f949e8a6fe0c4dcf2f323748b,50,32800,0.07140869526012301,0.06518577444126045,0.1244584158970728,0.4776170786526173,0.6375212933218166,0.7204665147275443,0.527102530002594
dynamic-query,GlobalDynamicMultiQuery,5083cdba2e02067f949e8a6fe0c4dcf2f323748b,51,33456,0.07084279118851786,0.06460722780768074,0.12471126918087402,0.4745085652792127,0.6342020094842415,0.7199844121729773,0.529120147228241
dynamic-query,GlobalDynamicMultiQuery,5083cdba2e02067f949e8a6fe0c4dcf2f323748b,52,34112,0.06978779840695527,0.06354490540220599,0.12485785975971307,0.4754661414188625,0.6352703310809366,0.7195270307207869,0.5384596586227417
dynamic-query,GlobalDynamicMultiQuery,5083cdba2e02067f949e8a6fe0c4dcf2f323748b,53,34768,0.06909114694769224,0.06284805113002721,0.12486191498379721,0.47500442419371336,0.634825095693627,0.7172210192918469,0.542261004447937
dynamic-query,GlobalDynamicMultiQuery,5083cdba2e02067f949e8a6fe0c4dcf2f323748b,54,35424,0.06907005213000024,0.06281785638529666,0.12504391589988936,0.47363414715560676,0.6330725978811799,0.7188860648153873,0.5408241152763367
dynamic-query,GlobalDynamicMultiQuery,5083cdba2e02067f949e8a6fe0c4dcf2f323748b,55,36080,0.06873579542852697,0.0624791346501038,0.12513321567643232,0.47273712381438904,0.6323527839860075,0.7182234349378473,0.522846519947052
dynamic-query,GlobalDynamicMultiQuery,5083cdba2e02067f949e8a6fe0c4dcf2f323748b,56,36736,0.06721496806706495,0.06096071190759149,0.12508512079710046,0.4704700919046004,0.6305567363299086,0.7148646378718528,0.540505051612854
dynamic-query,GlobalDynamicMultiQuery,5083cdba2e02067f949e8a6fe0c4dcf2f323748b,57,37392,0.06689487046842091,0.060636327402279616,0.12517086046759673,0.4735198175928448,0.633160948993088,0.7181309518093003,0.5466627478599548
dynamic-query,GlobalDynamicMultiQuery,5083cdba2e02067f949e8a6fe0c4dcf2f323748b,58,38048,0.06644842042256065,0.06017995998298875,0.12536920925741007,0.47046078328828955,0.6300019347807841,0.7158424709831697,0.5640817880630493
dynamic-query,GlobalDynamicMultiQuery,5083cdba2e02067f949e8a6fe0c4dcf2f323748b,59,38704,0.06543225938693471,0.05915463208585384,0.12555254563875337,0.4758878584336393,0.6351807692280066,0.7171998076572556,0.5700768828392029
dynamic-query,GlobalDynamicMultiQuery,5083cdba2e02067f949e8a6fe0c4dcf2f323748b,60,39360,0.06506701946061075,0.058791485710879485,0.12551067490938655,0.4725179768728404,0.6321779229273803,0.7168333718039825,0.5692007541656494
dynamic-query,EvidenceDynamicMultiQuery,5083cdba2e02067f949e8a6fe0c4dcf2f323748b,1,656,0.2249669936443946,0.21967152162245565,0.10590943600280983,0.5231737894031151,0.6786757301495342,0.7774668726857153,0.21118418872356415
dynamic-query,EvidenceDynamicMultiQuery,5083cdba2e02067f949e8a6fe0c4dcf2f323748b,2,1312,0.20183864266421891,0.1963699810574127,0.10937323438429676,0.5386644547467223,0.6919106768875184,0.7898248043570998,0.204127237200737
dynamic-query,EvidenceDynamicMultiQuery,5083cdba2e02067f949e8a6fe0c4dcf2f323748b,3,1968,0.1927883657634355,0.18727591996061552,0.11024892077507696,0.5421780715618547,0.69500821110021,0.7927078536513986,0.20243628323078156
dynamic-query,EvidenceDynamicMultiQuery,5083cdba2e02067f949e8a6fe0c4dcf2f323748b,4,2624,0.18546597412111238,0.17990086674945963,0.11130215370876112,0.5424938234034716,0.6949285297031739,0.7906876816059524,0.20503190159797668
dynamic-query,EvidenceDynamicMultiQuery,5083cdba2e02067f949e8a6fe0c4dcf2f323748b,5,3280,0.1788185719059334,0.17321197046021145,0.11213203177633134,0.5363588482161487,0.6901257645425216,0.7849907799580585,0.21019628643989563
dynamic-query,EvidenceDynamicMultiQuery,5083cdba2e02067f949e8a6fe0c4dcf2f323748b,6,3936,0.1724840494817314,0.16683879801384632,0.11290502873616856,0.5309008367160672,0.6850879132913301,0.7798932636439753,0.21623626351356506
dynamic-query,EvidenceDynamicMultiQuery,5083cdba2e02067f949e8a6fe0c4dcf2f323748b,7,4592,0.1661489222755263,0.16047539033151262,0.11347064356130394,0.522453982602856,0.6775308632128498,0.7731967874673478,0.22641338407993317
dynamic-query,EvidenceDynamicMultiQuery,5083cdba2e02067f949e8a6fe0c4dcf2f323748b,8,5248,0.16016179191928673,0.154444824428642,0.1143393514544519,0.5193799847579975,0.6747607855965609,0.7695995002134729,0.23329508304595947
dynamic-query,EvidenceDynamicMultiQuery,5083cdba2e02067f949e8a6fe0c4dcf2f323748b,9,5904,0.1543295660919838,0.14858036549311368,0.11498401909271043,0.5139275002387819,0.6702153767458616,0.7646566800594441,0.24511894583702087
dynamic-query,EvidenceDynamicMultiQuery,5083cdba2e02067f949e8a6fe0c4dcf2f323748b,10,6560,0.14918558838960952,0.1434012222621334,0.11568731398799648,0.5071616129032764,0.6640267324214213,0.7583800643274665,0.25678953528404236
dynamic-query,EvidenceDynamicMultiQuery,5083cdba2e02067f949e8a6fe0c4dcf2f323748b,11,7216,0.14382449230584962,0.1380136196081308,0.1162174562963122,0.5056095570917011,0.6626095125916037,0.7542331610557236,0.2662111818790436
dynamic-query,EvidenceDynamicMultiQuery,5083cdba2e02067f949e8a6fe0c4dcf2f323748b,12,7872,0.13955477282258574,0.1337320885388114,0.11645368373204214,0.5004249675475061,0.6579184010480644,0.7479868365171929,0.2774890661239624
dynamic-query,EvidenceDynamicMultiQuery,5083cdba2e02067f949e8a6fe0c4dcf2f323748b,13,8528,0.1355537113382246,0.12970177267826097,0.11703877100934632,0.5012075530829423,0.6588748520258052,0.7487446067831728,0.28332167863845825
dynamic-query,EvidenceDynamicMultiQuery,5083cdba2e02067f949e8a6fe0c4dcf2f323748b,14,9184,0.13153824160444302,0.12565554582262325,0.11765391176939578,0.4995244427975156,0.6572281821606699,0.7459850749064467,0.29398220777511597
dynamic-query,EvidenceDynamicMultiQuery,5083cdba2e02067f949e8a6fe0c4dcf2f323748b,15,9840,0.12761350042335934,0.12170611949993937,0.11814761867226221,0.4954151728153726,0.6535173592863954,0.7393791626733612,0.3105601668357849
dynamic-query,EvidenceDynamicMultiQuery,5083cdba2e02067f949e8a6fe0c4dcf2f323748b,16,10496,0.12447018322430708,0.11855322151626073,0.11833923677207517,0.4964623523268376,0.6545844375242289,0.7427103057089959,0.3161429762840271
dynamic-query,EvidenceDynamicMultiQuery,5083cdba2e02067f949e8a6fe0c4dcf2f323748b,17,11152,0.12113185387734451,0.1151966511257066,0.11870405904821564,0.49027526104679414,0.6488307446146222,0.7357148145328515,0.3267693817615509
dynamic-query,EvidenceDynamicMultiQuery,5083cdba2e02067f949e8a6fe0c4dcf2f323748b,18,11808,0.11824696704380186,0.1122958011209925,0.11902331865507787,0.48706319554271743,0.6453809023008679,0.732088568300783,0.3348918557167053
dynamic-query,EvidenceDynamicMultiQuery,5083cdba2e02067f949e8a6fe0c4dcf2f323748b,19,12464,0.11563264145922963,0.10966581738018447,0.11933648442787896,0.48882243241114404,0.6471079172344256,0.7336165234474407,0.3473682999610901
dynamic-query,EvidenceDynamicMultiQuery,5083cdba2e02067f949e8a6fe0c4dcf2f323748b,20,13120,0.11308816500808641,0.10710583091214042,0.11964667760654722,0.486141017273707,0.6446076154291677,0.7295271566605864,0.35238295793533325
dynamic-query,EvidenceDynamicMultiQuery,5083cdba2e02067f949e8a6fe0c4dcf2f323748b,21,13776,0.11065270182745782,0.10465146933844482,0.12002464905004731,0.48441214014664463,0.6430891252138835,0.7288867687231573,0.3659247159957886
dynamic-query,EvidenceDynamicMultiQuery,5083cdba2e02067f949e8a6fe0c4dcf2f323748b,22,14432,0.10873267525786245,0.10272423232581393,0.12016885993375895,0.48879448925845187,0.6472428430976052,0.7335560461754324,0.35819196701049805
dynamic-query,EvidenceDynamicMultiQuery,5083cdba2e02067f949e8a6fe0c4dcf2f323748b,23,15088,0.10659110149964783,0.10057353771017577,0.12035127523396828,0.4877092047117939,0.6459183730137796,0.7283485097379903,0.37534403800964355
dynamic-query,EvidenceDynamicMultiQuery,5083cdba2e02067f949e8a6fe0c4dcf2f323748b,24,15744,0.10420013719256721,0.09816707711461184,0.12066120356506019,0.4852366770556637,0.6440297348413153,0.7279822006644977,0.3801611661911011
dynamic-query,EvidenceDynamicMultiQuery,5083cdba2e02067f949e8a6fe0c4dcf2f323748b,25,16400,0.10221178308860944,0.09616797617429296,0.12087613845538657,0.4842879552518122,0.6434743460612607,0.728202792609893,0.4029087424278259
dynamic-query,EvidenceDynamicMultiQuery,5083cdba2e02067f949e8a6fe0c4dcf2f323748b,26,17056,0.10048755001468875,0.09442429345526246,0.1212651312744746,0.4829384977382995,0.6417389860217225,0.7257184305419405,0.40411660075187683
dynamic-query,EvidenceDynamicMultiQuery,5083cdba2e02067f949e8a6fe0c4dcf2f323748b,27,17712,0.09848723522001118,0.09242073222760398,0.12133006132632673,0.4847510536754458,0.643614029307367,0.7276661579280965,0.4054373800754547
dynamic-query,EvidenceDynamicMultiQuery,5083cdba2e02067f949e8a6fe0c4dcf2f323748b,28,18368,0.09721081206746046,0.09113937269284325,0.12142878727285432,0.4837934372453735,0.6428254402944298,0.7271354330574428,0.41947388648986816
dynamic-query,EvidenceDynamicMultiQuery,5083cdba2e02067f949e8a6fe0c4dcf2f323748b,29,19024,0.09563846527586811,0.08954118432569282,0.12194561814827691,0.4803547256586839,0.6394114945038524,0.7234500148203605,0.41974911093711853
dynamic-query,EvidenceDynamicMultiQuery,5083cdba2e02067f949e8a6fe0c4dcf2f323748b,30,19680,0.09397867145026556,0.08788104384955715,0.12195255018366521,0.48042449176967966,0.6394627828822573,0.7236353957228506,0.4329180419445038
dynamic-query,EvidenceDynamicMultiQuery,5083cdba2e02067f949e8a6fe0c4dcf2f323748b,31,20336,0.09255223838895324,0.0864537920597193,0.1219689245176379,0.4863067012556927,0.6451379423400849,0.7272600862368168,0.43164315819740295
dynamic-query,EvidenceDynamicMultiQuery,5083cdba2e02067f949e8a6fe0c4dcf2f323748b,32,20992,0.09106406165093868,0.08495164770994892,0.12224827879067202,0.48027230799727044,0.6390462517568485,0.7250234692078249,0.436805784702301
dynamic-query,EvidenceDynamicMultiQuery,5083cdba2e02067f949e8a6fe0c4dcf2f323748b,33,21648,0.08979475514394833,0.08367874982990292,0.12232010611469246,0.4808737735040468,0.6399639489754262,0.7247192878960113,0.44140416383743286
dynamic-query,EvidenceDynamicMultiQuery,5083cdba2e02067f949e8a6fe0c4dcf2f323748b,34,22304,0.08885249711089394,0.08272567250538468,0.12253649175218227,0.4769610621137868,0.636333673905724,0.7213571475842419,0.46213671565055847
dynamic-query,EvidenceDynamicMultiQuery,5083cdba2e02067f949e8a6fe0c4dcf2f323748b,35,22960,0.0872538464049932,0.08111804588067882,0.122716013032086,0.4797560736573456,0.6388754448732449,0.7191661951773618,0.45825567841529846
dynamic-query,EvidenceDynamicMultiQuery,5083cdba2e02067f949e8a6fe0c4dcf2f323748b,36,23616,0.08628775588532332,0.08014804596486794,0.122794196121867,0.4766253095180255,0.6361237103966071,0.7186518534517892,0.4672059714794159
dynamic-query,EvidenceDynamicMultiQuery,5083cdba2e02067f949e8a6fe0c4dcf2f323748b,37,24272,0.08488408959560279,0.07872872871945841,0.12310721714712665,0.48105646617887066,0.6402171147639302,0.7236061468840591,0.4639796316623688
dynamic-query,EvidenceDynamicMultiQuery,5083cdba2e02067f949e8a6fe0c4dcf2f323748b,38,24928,0.08341964422826806,0.07725144771576518,0.12336393392100804,0.47791733586801893,0.6372374079038866,0.7212081364268956,0.47308453917503357
dynamic-query,EvidenceDynamicMultiQuery,5083cdba2e02067f949e8a6fe0c4dcf2f323748b,39,25584,0.08255928605283473,0.07638976735244296,0.12339037399078781,0.478669288215585,0.6378427239404781,0.7206689871029266,0.4904360771179199
dynamic-query,EvidenceDynamicMultiQuery,5083cdba2e02067f949e8a6fe0c4dcf2f323748b,40,26240,0.08197924903392315,0.0758150357556634,0.1232842635912065,0.47664790835428167,0.636128206550471,0.7194582669361334,0.4792012870311737
dynamic-query,EvidenceDynamicMultiQuery,5083cdba2e02067f949e8a6fe0c4dcf2f323748b,41,26896,0.08077355899433127,0.07459275008088948,0.12361617816725953,0.4793460289558751,0.6385181504200154,0.722535794808552,0.4885837137699127
dynamic-query,EvidenceDynamicMultiQuery,5083cdba2e02067f949e8a6fe0c4dcf2f323748b,42,27552,0.0796209164080998,0.07343067076642858,0.12380491558947887,0.47848290254433246,0.637513246974414,0.7201611491113445,0.4921351373195648
dynamic-query,EvidenceDynamicMultiQuery,5083cdba2e02067f949e8a6fe0c4dcf2f323748b,43,28208,0.07851238163334248,0.07231697006210924,0.12390823237933925,0.47469364736064223,0.6340156334926491,0.7200000059597189,0.5089840292930603
dynamic-query,EvidenceDynamicMultiQuery,5083cdba2e02067f949e8a6fe0c4dcf2f323748b,44,28864,0.07804290285719874,0.07186010515798387,0.12365595454687339,0.4789916324255323,0.6381517809396644,0.7193660152292883,0.5019046068191528
dynamic-query,EvidenceDynamicMultiQuery,5083cdba2e02067f949e8a6fe0c4dcf2f323748b,45,29520,0.07679260175205276,0.0706023578542251,0.12380487944396984,0.4779667859833589,0.6370201043919294,0.718092447960984,0.5063840746879578
dynamic-query,EvidenceDynamicMultiQuery,5083cdba2e02067f949e8a6fe0c4dcf2f323748b,46,30176,0.07650426377151906,0.0702965428516594,0.12415441817131019,0.4762641772086466,0.6354239357126125,0.7202859001113998,0.5148313045501709
dynamic-query,EvidenceDynamicMultiQuery,5083cdba2e02067f949e8a6fe0c4dcf2f323748b,47,30832,0.07544887685218295,0.06922922166420786,0.12439310360181001,0.4757276177197002,0.63516668750658,0.7181380398184186,0.5146554708480835
dynamic-query,EvidenceDynamicMultiQuery,5083cdba2e02067f949e8a6fe0c4dcf2f323748b,48,31488,0.07476843080243377,0.06855623725869542,0.1242438746053846,0.47702086912992203,0.6364237292903114,0.7185734994731879,0.5148000121116638
dynamic-query,EvidenceDynamicMultiQuery,5083cdba2e02067f949e8a6fe0c4dcf2f323748b,49,32144,0.07421211520079742,0.06799716387923946,0.12429902615058137,0.4746552567492948,0.6341877871512052,0.7172209972258213,0.5239567756652832
dynamic-query,EvidenceDynamicMultiQuery,5083cdba2e02067f949e8a6fe0c4dcf2f323748b,50,32800,0.07286868704485931,0.06663858586230965,0.12460202276877173,0.47946258258989694,0.638652220873653,0.7203496397079925,0.5164684057235718
dynamic-query,EvidenceDynamicMultiQuery,5083cdba2e02067f949e8a6fe0c4dcf2f323748b,51,33456,0.07275217061135866,0.06652938581229574,0.12445569743813135,0.4755115888068006,0.6348685712796921,0.7175795479808543,0.5350285768508911
dynamic-query,EvidenceDynamicMultiQuery,5083cdba2e02067f949e8a6fe0c4dcf2f323748b,52,34112,0.07131998770422676,0.06506969975921126,0.12500575888468296,0.47795997944559904,0.6373415262674587,0.7194479500485226,0.5219680666923523
dynamic-query,EvidenceDynamicMultiQuery,5083cdba2e02067f949e8a6fe0c4dcf2f323748b,53,34768,0.07084254497058945,0.06460730989121517,0.12470469936843549,0.4780594664478509,0.637757313601738,0.7191079937728779,0.5298875570297241
dynamic-query,EvidenceDynamicMultiQuery,5083cdba2e02067f949e8a6fe0c4dcf2f323748b,54,35424,0.07055706110298036,0.06432207135434077,0.12469979355782797,0.4752380194210778,0.635063355431833,0.7167306801249647,0.5286706686019897
dynamic-query,EvidenceDynamicMultiQuery,5083cdba2e02067f949e8a6fe0c4dcf2f323748b,55,36080,0.0690900641273743,0.06284058477030956,0.12498958931772529,0.47598927193493257,0.6353871858856417,0.7165181028324472,0.5314789414405823
dynamic-query,EvidenceDynamicMultiQuery,5083cdba2e02067f949e8a6fe0c4dcf2f323748b,56,36736,0.0690363077394432,0.06278173935915986,0.12509136707718646,0.47177859441489123,0.6312900195587932,0.7153109394192518,0.541185736656189
dynamic-query,EvidenceDynamicMultiQuery,5083cdba2e02067f949e8a6fe0c4dcf2f323748b,57,37392,0.06835481845391514,0.06210363821787743,0.12502360560439632,0.47449587089176487,0.6345545216670578,0.7159184870020294,0.5361782908439636
dynamic-query,EvidenceDynamicMultiQuery,5083cdba2e02067f949e8a6fe0c4dcf2f323748b,58,38048,0.06773920641072498,0.06149005773079919,0.12498297224677045,0.4736388863677167,0.633285220104928,0.7184930939661942,0.5426369905471802
dynamic-query,EvidenceDynamicMultiQuery,5083cdba2e02067f949e8a6fe0c4dcf2f323748b,59,38704,0.06725446573643384,0.06098893658995958,0.12531058312908622,0.47221224006745277,0.6319241834934805,0.7157900139225426,0.5458720922470093
dynamic-query,EvidenceDynamicMultiQuery,5083cdba2e02067f949e8a6fe0c4dcf2f323748b,60,39360,0.06631108267671933,0.06003306148931937,0.12556042339354795,0.4717672305395313,0.6313030899724479,0.7154797472911159,0.5584456920623779
dynamic-query,StaticQueryAdapter,5083cdba2e02067f949e8a6fe0c4dcf2f323748b,1,656,0.22581178426958493,0.2205268616730997,0.10569844685657563,0.5224378682072917,0.6779580760583354,0.7775814197992764,0.21147960424423218
dynamic-query,StaticQueryAdapter,5083cdba2e02067f949e8a6fe0c4dcf2f323748b,2,1312,0.2023516632328839,0.19689075461685493,0.10921817138011149,0.5363087986815137,0.6900781863259263,0.7893320028309962,0.2053174376487732
dynamic-query,StaticQueryAdapter,5083cdba2e02067f949e8a6fe0c4dcf2f323748b,3,1968,0.19337417946062752,0.1878634476450858,0.11021463630941351,0.5422814788475844,0.6948999636774453,0.7927815996051335,0.20237649977207184
dynamic-query,StaticQueryAdapter,5083cdba2e02067f949e8a6fe0c4dcf2f323748b,4,2624,0.1859457267073433,0.1803856825581928,0.11120087987037346,0.5400192856868923,0.6926450681061165,0.7895256489373762,0.20569945871829987
dynamic-query,StaticQueryAdapter,5083cdba2e02067f949e8a6fe0c4dcf2f323748b,5,3280,0.1794113479132011,0.17380407385386734,0.11214548033570775,0.5342150769956756,0.6879540624956588,0.7841039699931857,0.21097834408283234
dynamic-query,StaticQueryAdapter,5083cdba2e02067f949e8a6fe0c4dcf2f323748b,6,3936,0.17325218087077335,0.1676110208108389,0.11282320204681477,0.5299718984414787,0.6841853763324458,0.780739053501452,0.21694399416446686
dynamic-query,StaticQueryAdapter,5083cdba2e02067f949e8a6fe0c4dcf2f323748b,7,4592,0.16702116823978336,0.1613603556607356,0.11321624353157234,0.5255158560343094,0.6806565075909448,0.7754285126470366,0.2242240458726883
dynamic-query,StaticQueryAdapter,5083cdba2e02067f949e8a6fe0c4dcf2f323748b,8,5248,0.16120505799913284,0.15549377353633026,0.11422569210586835,0.5228797795605032,0.6779351336255359,0.7716124321810021,0.23184998333454132
dynamic-query,StaticQueryAdapter,5083cdba2e02067f949e8a6fe0c4dcf2f323748b,9,5904,0.15547828330193203,0.1497359240749212,0.11484718396769589,0.5143848576313975,0.6703243209114098,0.762720968302646,0.24628859758377075
dynamic-query,StaticQueryAdapter,5083cdba2e02067f949e8a6fe0c4dcf2f323748b,10,6560,0.1503108759642511,0.14454273053848296,0.11536290861693906,0.5144175170004938,0.6704143573556959,0.7623257232798493,0.25130605697631836
dynamic-query,StaticQueryAdapter,5083cdba2e02067f949e8a6fe0c4dcf2f323748b,11,7216,0.1451558374434593,0.13935399137594326,0.11603692690860055,0.5082858889233781,0.6645853888499399,0.7538867208669596,0.26650580763816833
dynamic-query,StaticQueryAdapter,5083cdba2e02067f949e8a6fe0c4dcf2f323748b,12,7872,0.14080381122941524,0.13498430065714787,0.1163902116513409,0.5054316151093384,0.6624268271957386,0.7508845307089591,0.2746054530143738
dynamic-query,StaticQueryAdapter,5083cdba2e02067f949e8a6fe0c4dcf2f323748b,13,8528,0.1363486423072716,0.13050880031165638,0.11679684063257213,0.5030266754755931,0.6604743366322205,0.7475195829340748,0.28484487533569336
dynamic-query,StaticQueryAdapter,5083cdba2e02067f949e8a6fe0c4dcf2f323748b,14,9184,0.13284565626208258,0.12695307375514958,0.11785164723343794,0.5002705855654352,0.657658447750587,0.7474670153540726,0.2914097309112549
dynamic-query,StaticQueryAdapter,5083cdba2e02067f949e8a6fe0c4dcf2f323748b,15,9840,0.1289779642185386,0.12308909897667196,0.11777730208127875,0.4980665860376317,0.655805807990452,0.7415246196132392,0.3034442961215973
dynamic-query,StaticQueryAdapter,5083cdba2e02067f949e8a6fe0c4dcf2f323748b,16,10496,0.12559953254380027,0.1196861010002549,0.11826863199179774,0.5022178365981282,0.6596959311526724,0.7440108404432351,0.3125722110271454
dynamic-query,StaticQueryAdapter,5083cdba2e02067f949e8a6fe0c4dcf2f323748b,17,11152,0.12252247544989843,0.11659872784623883,0.11847495255195012,0.4978387834081749,0.6554158425129069,0.7398794495970568,0.3187609612941742
dynamic-query,StaticQueryAdapter,5083cdba2e02067f949e8a6fe0c4dcf2f323748b,18,11808,0.11983028962527709,0.1139004206895226,0.11859737839118259,0.4921291124215014,0.650032926389585,0.7346280518975268,0.3315703868865967
dynamic-query,StaticQueryAdapter,5083cdba2e02067f949e8a6fe0c4dcf2f323748b,19,12464,0.1167050118374579,0.11073228958289154,0.11945443977810928,0.48915077425375936,0.6475528521089081,0.7318662697314047,0.35039442777633667
dynamic-query,StaticQueryAdapter,5083cdba2e02067f949e8a6fe0c4dcf2f323748b,20,13120,0.1146990218540656,0.10872981734683941,0.11938409378066828,0.48975432384549533,0.6482848756484503,0.7325673152529344,0.35042282938957214
dynamic-query,StaticQueryAdapter,5083cdba2e02067f949e8a6fe0c4dcf2f323748b,21,13776,0.11204092792860489,0.10604853943716254,0.1198477720422142,0.4908763521991972,0.64901614177904,0.7300020006971882,0.3598252236843109
dynamic-query,StaticQueryAdapter,5083cdba2e02067f949e8a6fe0c4dcf2f323748b,22,14432,0.10958175438581698,0.10357192081842059,0.1201966709906351,0.48997293348790133,0.6483617237062147,0.7307620241742725,0.36407509446144104
dynamic-query,StaticQueryAdapter,5083cdba2e02067f949e8a6fe0c4dcf2f323748b,23,15088,0.10756644394984974,0.1015503386145484,0.12032210705763664,0.48799945712877724,0.6467330194533787,0.7306653903446529,0.3741823434829712
dynamic-query,StaticQueryAdapter,5083cdba2e02067f949e8a6fe0c4dcf2f323748b,24,15744,0.10576318491799712,0.0997284230454621,0.12069524060808699,0.4872149808634208,0.6460068453869301,0.7284825554361245,0.38019174337387085
dynamic-query,StaticQueryAdapter,5083cdba2e02067f949e8a6fe0c4dcf2f323748b,25,16400,0.10368444433171024,0.09763908591087694,0.1209071675067419,0.4871106062811458,0.6458753372986463,0.7297924892340983,0.3936184346675873
dynamic-query,StaticQueryAdapter,5083cdba2e02067f949e8a6fe0c4dcf2f323748b,26,17056,0.10218500082912658,0.09613721640719303,0.1209556893485951,0.4861104552020241,0.6449896832983318,0.7263911597823219,0.39731764793395996
dynamic-query,StaticQueryAdapter,5083cdba2e02067f949e8a6fe0c4dcf2f323748b,27,17712,0.10032907424325745,0.09428027532486866,0.12097597702597512,0.48674313159594834,0.6454361760146564,0.7279059034699943,0.4002302289009094
dynamic-query,StaticQueryAdapter,5083cdba2e02067f949e8a6fe0c4dcf2f323748b,28,18368,0.09880064155301599,0.09272062926504267,0.12160024525726792,0.48427923750212054,0.6432508743716455,0.7275766192355496,0.40991640090942383
dynamic-query,StaticQueryAdapter,5083cdba2e02067f949e8a6fe0c4dcf2f323748b,29,19024,0.09712008907233172,0.09104171347212935,0.12156751191951899,0.48443144680683603,0.6432627284164132,0.7281329531404738,0.4129520356655121
dynamic-query,StaticQueryAdapter,5083cdba2e02067f949e8a6fe0c4dcf2f323748b,30,19680,0.09543254690784463,0.08933458580823812,0.12195922122498079,0.48482385432159203,0.6437020953170794,0.7264498006755106,0.41875749826431274
dynamic-query,StaticQueryAdapter,5083cdba2e02067f949e8a6fe0c4dcf2f323748b,31,20336,0.09427898406800579,0.08818018854741248,0.12197590937763551,0.483632169982826,0.6427175038607863,0.7268461980721831,0.42441150546073914
dynamic-query,StaticQueryAdapter,5083cdba2e02067f949e8a6fe0c4dcf2f323748b,32,20992,0.09275687755714075,0.08665009761748226,0.12213559779516564,0.4822467513875332,0.6412598769787361,0.7219729777853093,0.4263400435447693
dynamic-query,StaticQueryAdapter,5083cdba2e02067f949e8a6fe0c4dcf2f323748b,33,21648,0.09120464624139325,0.08510333441275297,0.12202623637959778,0.4816899372390363,0.6410036023605329,0.7219903997226405,0.4350773096084595
dynamic-query,StaticQueryAdapter,5083cdba2e02067f949e8a6fe0c4dcf2f323748b,34,22304,0.08983911176389979,0.08371338788027509,0.1225144749547974,0.47801323277558666,0.637411131463028,0.7206447155681389,0.4540751278400421
dynamic-query,StaticQueryAdapter,5083cdba2e02067f949e8a6fe0c4dcf2f323748b,35,22960,0.08887913059743346,0.0827479588271142,0.12262343522738382,0.4825116172666048,0.6415527264301328,0.7227780662002711,0.441914439201355
dynamic-query,StaticQueryAdapter,5083cdba2e02067f949e8a6fe0c4dcf2f323748b,36,23616,0.08773844685224005,0.08161205780487381,0.12252777963535769,0.4805387719422467,0.6393776298937175,0.7218071578342794,0.4543200731277466
dynamic-query,StaticQueryAdapter,5083cdba2e02067f949e8a6fe0c4dcf2f323748b,37,24272,0.08624255494034794,0.0801068217390508,0.12271466388885031,0.47909138377148075,0.6379793142584939,0.7188502902243451,0.46237677335739136
dynamic-query,StaticQueryAdapter,5083cdba2e02067f949e8a6fe0c4dcf2f323748b,38,24928,0.08547957968124842,0.07931812358022998,0.12322912238902661,0.47674563979829626,0.6358449756728894,0.7208843811884829,0.45774582028388977
dynamic-query,StaticQueryAdapter,5083cdba2e02067f949e8a6fe0c4dcf2f323748b,39,25584,0.0840096610068809,0.0778450883625915,0.12329145332618828,0.47994404022069354,0.6392115521616951,0.7216930930895429,0.47020235657691956
dynamic-query,StaticQueryAdapter,5083cdba2e02067f949e8a6fe0c4dcf2f323748b,40,26240,0.08355149340968827,0.07740056685075507,0.12301853366266477,0.47866153653582716,0.6377039433567246,0.7188686070705449,0.4758349359035492
dynamic-query,StaticQueryAdapter,5083cdba2e02067f949e8a6fe0c4dcf2f323748b,41,26896,0.08237325019878022,0.07620787541556488,0.12330749472170792,0.477220618303103,0.6365959870964129,0.7186715604309104,0.4747468829154968
dynamic-query,StaticQueryAdapter,5083cdba2e02067f949e8a6fe0c4dcf2f323748b,42,27552,0.08105256595054906,0.07487391489899321,0.12357302077682131,0.47674106498879937,0.6359856362495973,0.7159932212784331,0.48404303193092346
dynamic-query,StaticQueryAdapter,5083cdba2e02067f949e8a6fe0c4dcf2f323748b,43,28208,0.08049008878659493,0.07431062662437528,0.12358924308812179,0.4783378759790054,0.6376348006749835,0.7224946610103716,0.47627562284469604
dynamic-query,StaticQueryAdapter,5083cdba2e02067f949e8a6fe0c4dcf2f323748b,44,28864,0.07938291526750542,0.07320255916453781,0.12360712102796274,0.47936689895186957,0.6388026431867188,0.7194493858752649,0.48510122299194336
dynamic-query,StaticQueryAdapter,5083cdba2e02067f949e8a6fe0c4dcf2f323748b,45,29520,0.0782465634222753,0.0720556984682285,0.12381729584470333,0.47846239444954813,0.6376613598352064,0.7182713239364021,0.49774324893951416
dynamic-query,StaticQueryAdapter,5083cdba2e02067f949e8a6fe0c4dcf2f323748b,46,30176,0.07809759362138412,0.07189399781573409,0.12407191657897276,0.4784935464285619,0.6375067816174029,0.7199765586967867,0.4902228116989136
dynamic-query,StaticQueryAdapter,5083cdba2e02067f949e8a6fe0c4dcf2f323748b,47,30832,0.07644420225464112,0.0702472521303459,0.12393900218472738,0.47701836731698044,0.636380997504752,0.7175393488779579,0.5033023357391357
dynamic-query,StaticQueryAdapter,5083cdba2e02067f949e8a6fe0c4dcf2f323748b,48,31488,0.07608551552487415,0.0698723883326077,0.12426254579232503,0.4788300303818736,0.6384527528820945,0.7192017460121696,0.5122256875038147
dynamic-query,StaticQueryAdapter,5083cdba2e02067f949e8a6fe0c4dcf2f323748b,49,32144,0.0753104853393102,0.0691047411439348,0.12411488250532986,0.4751445249048701,0.6344922146823554,0.7165950910103313,0.5151389837265015
dynamic-query,StaticQueryAdapter,5083cdba2e02067f949e8a6fe0c4dcf2f323748b,50,32800,0.07474026084656551,0.06852638682682415,0.12427748033231883,0.47900092655567195,0.6383574211292348,0.719201780358331,0.5101258754730225
dynamic-query,StaticQueryAdapter,5083cdba2e02067f949e8a6fe0c4dcf2f323748b,51,33456,0.07420737276595864,0.0679890164686904,0.12436712881009815,0.47802710895298467,0.6374047303769182,0.7185751396233109,0.5181421041488647
dynamic-query,StaticQueryAdapter,5083cdba2e02067f949e8a6fe0c4dcf2f323748b,52,34112,0.07358021698540507,0.06735438075769344,0.12451672384248856,0.48054144549831207,0.6399209765979667,0.7199794923013999,0.5109981298446655
dynamic-query,StaticQueryAdapter,5083cdba2e02067f949e8a6fe0c4dcf2f323748b,53,34768,0.07258047680175615,0.0663505153738858,0.12459922931887353,0.4770096261005105,0.63653558300549,0.7177602346807315,0.5201250314712524
dynamic-query,StaticQueryAdapter,5083cdba2e02067f949e8a6fe0c4dcf2f323748b,54,35424,0.07154130101607382,0.06530307109240116,0.1247645973880794,0.4768262280418218,0.6364392496648952,0.7178468030306421,0.5233874917030334
dynamic-query,StaticQueryAdapter,5083cdba2e02067f949e8a6fe0c4dcf2f323748b,55,36080,0.07108489441677299,0.06485179845669531,0.12466192053269927,0.4747658120319062,0.6345004297896573,0.7146086025005184,0.5310108065605164
dynamic-query,StaticQueryAdapter,5083cdba2e02067f949e8a6fe0c4dcf2f323748b,56,36736,0.07046593704016446,0.0642217885411971,0.12488297164434473,0.4739340920881116,0.6336421664799734,0.7150709191656419,0.5390023589134216
dynamic-query,StaticQueryAdapter,5083cdba2e02067f949e8a6fe0c4dcf2f323748b,57,37392,0.06953211551851263,0.06328846184919146,0.12487307409248448,0.4806324867945514,0.6399675327520475,0.7199973351916503,0.5277801752090454
dynamic-query,StaticQueryAdapter,5083cdba2e02067f949e8a6fe0c4dcf2f323748b,58,38048,0.0692422124891493,0.06297912854594377,0.1252616817977456,0.4736529222070187,0.63324077283,0.7162556432893061,0.5422378182411194
dynamic-query,StaticQueryAdapter,5083cdba2e02067f949e8a6fe0c4dcf2f323748b,59,38704,0.06903322605528588,0.06278520229334077,0.12496047409244052,0.4754598966926648,0.634690555705024,0.7167409711627809,0.5338996648788452
dynamic-query,StaticQueryAdapter,5083cdba2e02067f949e8a6fe0c4dcf2f323748b,60,39360,0.06795124588353992,0.06168391765803397,0.12534656317186987,0.47316805248730864,0.6329820289316993,0.7153537135429228,0.5471163392066956
dynamic-query,DynamicQueryAdapter,5083cdba2e02067f949e8a6fe0c4dcf2f323748b,1,656,0.2258004856988715,0.22051501293713807,0.10570945394756297,0.5219402411377211,0.6775640847296605,0.7776027714610779,0.21148227155208588
dynamic-query,DynamicQueryAdapter,5083cdba2e02067f949e8a6fe0c4dcf2f323748b,2,1312,0.20233331662460213,0.19687175163010961,0.1092312971046728,0.5369089318998007,0.6905758132041271,0.7894663386919407,0.2052953541278839
dynamic-query,DynamicQueryAdapter,5083cdba2e02067f949e8a6fe0c4dcf2f323748b,3,1968,0.19334128651750565,0.1878304992555515,0.11021574689555706,0.5415524278247726,0.694291227121233,0.7926165623419816,0.20237907767295837
dynamic-query,DynamicQueryAdapter,5083cdba2e02067f949e8a6fe0c4dcf2f323748b,4,2624,0.1859132155189297,0.18035283104112304,0.11120769130992121,0.5399340133813003,0.6925740991505217,0.7895208878924818,0.20564082264900208
dynamic-query,DynamicQueryAdapter,5083cdba2e02067f949e8a6fe0c4dcf2f323748b,5,3280,0.17933771659471204,0.1737303673689717,0.11214698247902045,0.5346746629569704,0.6883400062945778,0.7840038216406288,0.21096041798591614
dynamic-query,DynamicQueryAdapter,5083cdba2e02067f949e8a6fe0c4dcf2f323748b,6,3936,0.1731504041015028,0.1675087996391905,0.11283209290938265,0.5307291711496938,0.6847464225923497,0.7807733246654825,0.2167658507823944
dynamic-query,DynamicQueryAdapter,5083cdba2e02067f949e8a6fe0c4dcf2f323748b,7,4592,0.1669036079784494,0.1612426174776333,0.11321981628137294,0.5254919485843089,0.6805862914781213,0.7745824709669739,0.2240753173828125
dynamic-query,DynamicQueryAdapter,5083cdba2e02067f949e8a6fe0c4dcf2f323748b,8,5248,0.1610526394566745,0.15534080903089606,0.11423660761985098,0.5232342919112114,0.6784060742060737,0.7718413576396383,0.23156139254570007
dynamic-query,DynamicQueryAdapter,5083cdba2e02067f949e8a6fe0c4dcf2f323748b,9,5904,0.1553553586843664,0.14961378726337896,0.11483142320100431,0.5135719439031003,0.669614016923487,0.7628664048046004,0.24665601551532745
dynamic-query,DynamicQueryAdapter,5083cdba2e02067f949e8a6fe0c4dcf2f323748b,10,6560,0.1502726679947165,0.1445031185837853,0.11539098970462033,0.5135518537735713,0.6697108158863203,0.7612586116194221,0.25231972336769104
dynamic-query,DynamicQueryAdapter,5083cdba2e02067f949e8a6fe0c4dcf2f323748b,11,7216,0.14500221302215177,0.1391996986697338,0.11605028309469989,0.5090780932831441,0.6653935674620837,0.7552629770620236,0.2652468979358673
dynamic-query,DynamicQueryAdapter,5083cdba2e02067f949e8a6fe0c4dcf2f323748b,12,7872,0.14058564594094503,0.13476653257291665,0.11638226221356496,0.505736792914372,0.6628764502715941,0.7514660154322694,0.2747349739074707
dynamic-query,DynamicQueryAdapter,5083cdba2e02067f949e8a6fe0c4dcf2f323748b,13,8528,0.13621259789776446,0.1303715826626535,0.11682030607598425,0.503954982686264,0.6613272062629849,0.7470271891601333,0.28673484921455383
dynamic-query,DynamicQueryAdapter,5083cdba2e02067f949e8a6fe0c4dcf2f323748b,14,9184,0.13256129850970402,0.12666578334656306,0.11791030466783853,0.4989513081154722,0.6565087712395882,0.7463468382799596,0.2947905957698822
dynamic-query,DynamicQueryAdapter,5083cdba2e02067f949e8a6fe0c4dcf2f323748b,15,9840,0.12866939616144776,0.12277978811253581,0.1177921602338203,0.4984321175118261,0.6561639743857643,0.7419227050203206,0.3052353858947754
dynamic-query,DynamicQueryAdapter,5083cdba2e02067f949e8a6fe0c4dcf2f323748b,16,10496,0.1254519225175529,0.11953605790661156,0.11831729163423099,0.5009351666612751,0.6585157658552409,0.7430879863041141,0.3150275945663452
dynamic-query,DynamicQueryAdapter,5083cdba2e02067f949e8a6fe0c4dcf2f323748b,17,11152,0.12216322098432728,0.1162293923565732,0.11867657168209411,0.49611251734219874,0.6539108409677459,0.738581104333387,0.3216346800327301
dynamic-query,DynamicQueryAdapter,5083cdba2e02067f949e8a6fe0c4dcf2f323748b,18,11808,0.11934732667983164,0.11341640559196563,0.11861842155700894,0.4922022080855589,0.6504715175270158,0.7352106468221733,0.33418017625808716
dynamic-query,DynamicQueryAdapter,5083cdba2e02067f949e8a6fe0c4dcf2f323748b,19,12464,0.11646367661212417,0.11049532499926165,0.11936703301232426,0.4870785914921765,0.6456647365633702,0.732135886645341,0.35150736570358276
dynamic-query,DynamicQueryAdapter,5083cdba2e02067f949e8a6fe0c4dcf2f323748b,20,13120,0.11409783771494027,0.10811688251482973,0.11961910287563789,0.4896746112297583,0.6481129016195805,0.7319860848414248,0.3575623035430908
dynamic-query,DynamicQueryAdapter,5083cdba2e02067f949e8a6fe0c4dcf2f323748b,21,13776,0.1119682656913436,0.1059683966905444,0.1199973813556536,0.48989463947876427,0.6480816802892735,0.7312918008356342,0.35877060890197754
dynamic-query,DynamicQueryAdapter,5083cdba2e02067f949e8a6fe0c4dcf2f323748b,22,14432,0.10962081218324975,0.10361739897485889,0.12006826616240499,0.49044164432500054,0.6488824926202488,0.7322610181829046,0.35959354043006897
dynamic-query,DynamicQueryAdapter,5083cdba2e02067f949e8a6fe0c4dcf2f323748b,23,15088,0.10724831454470769,0.10123199084964558,0.12032647499158823,0.487905430942046,0.6467355403064494,0.7296460064215462,0.37037384510040283
dynamic-query,DynamicQueryAdapter,5083cdba2e02067f949e8a6fe0c4dcf2f323748b,24,15744,0.10509083396242394,0.0990538048474563,0.12074058310272855,0.4869403487750431,0.6456798710205288,0.729260132623189,0.38656747341156006
dynamic-query,DynamicQueryAdapter,5083cdba2e02067f949e8a6fe0c4dcf2f323748b,25,16400,0.10339243143416188,0.09734228789303458,0.12100287217855317,0.4838276434794194,0.6425112454541179,0.7272460184155517,0.3937031328678131
dynamic-query,DynamicQueryAdapter,5083cdba2e02067f949e8a6fe0c4dcf2f323748b,26,17056,0.10164049325091946,0.09558678835996944,0.12107409614974089,0.4845855534005894,0.643660218931461,0.7277979627975213,0.3981839120388031
dynamic-query,DynamicQueryAdapter,5083cdba2e02067f949e8a6fe0c4dcf2f323748b,27,17712,0.09998162457731344,0.09391787460107391,0.12127500062508105,0.48841097065065064,0.6470925569703835,0.728295054464409,0.3987451195716858
dynamic-query,DynamicQueryAdapter,5083cdba2e02067f949e8a6fe0c4dcf2f323748b,28,18368,0.09826945981163691,0.09219426305857863,0.12150393395448211,0.4813490218221262,0.6405484861106249,0.7252559164655997,0.4137800633907318
dynamic-query,DynamicQueryAdapter,5083cdba2e02067f949e8a6fe0c4dcf2f323748b,29,19024,0.09638731439753022,0.09030226706841936,0.12170094528516694,0.48538268944177815,0.6445081507584667,0.7256052251765963,0.4209945797920227
dynamic-query,DynamicQueryAdapter,5083cdba2e02067f949e8a6fe0c4dcf2f323748b,30,19680,0.09520255493113623,0.08909994025528857,0.12205229099743677,0.484493193082821,0.6433980767657815,0.7261493812726557,0.4158995449542999
dynamic-query,DynamicQueryAdapter,5083cdba2e02067f949e8a6fe0c4dcf2f323748b,31,20336,0.0937003398182531,0.08760582045855746,0.12189038661713027,0.48047687399045097,0.6396705229648196,0.7237094627226753,0.43149876594543457
dynamic-query,DynamicQueryAdapter,5083cdba2e02067f949e8a6fe0c4dcf2f323748b,32,20992,0.09227143960894546,0.08614988875154408,0.12243101925981864,0.48268035232432965,0.6416870565164559,0.7207824336434622,0.4282878339290619
dynamic-query,DynamicQueryAdapter,5083cdba2e02067f949e8a6fe0c4dcf2f323748b,33,21648,0.09084992433144942,0.08474721459090988,0.12205419384617178,0.4786807560625604,0.6378663991555127,0.7200901790498613,0.44527554512023926
dynamic-query,DynamicQueryAdapter,5083cdba2e02067f949e8a6fe0c4dcf2f323748b,34,22304,0.08953302978776023,0.08339885357099285,0.1226835225893733,0.4797938397541054,0.6391899738223185,0.7213646684868855,0.45455092191696167
dynamic-query,DynamicQueryAdapter,5083cdba2e02067f949e8a6fe0c4dcf2f323748b,35,22960,0.08800856563943575,0.08187218998769341,0.12272751139400002,0.4807802630740596,0.6402440378177066,0.7214231041155509,0.4507597088813782
dynamic-query,DynamicQueryAdapter,5083cdba2e02067f949e8a6fe0c4dcf2f323748b,36,23616,0.08700194519657074,0.08086790415005639,0.12268082311168982,0.47994992574794354,0.6390430599633128,0.7223079792941807,0.46160638332366943
dynamic-query,DynamicQueryAdapter,5083cdba2e02067f949e8a6fe0c4dcf2f323748b,37,24272,0.0859752798292973,0.07983274898506094,0.12285061407326765,0.48041092100255095,0.6397650044480281,0.7229717995375664,0.46676701307296753
dynamic-query,DynamicQueryAdapter,5083cdba2e02067f949e8a6fe0c4dcf2f323748b,38,24928,0.08469001424685937,0.07852455771289604,0.12330913196140005,0.474901734090638,0.6344863922452558,0.7196348694171458,0.4611533582210541
dynamic-query,DynamicQueryAdapter,5083cdba2e02067f949e8a6fe0c4dcf2f323748b,39,25584,0.08371393768112748,0.07754571223289658,0.12336450987880389,0.47797815967952656,0.6373799046370902,0.7199278531686965,0.4732728600502014
dynamic-query,DynamicQueryAdapter,5083cdba2e02067f949e8a6fe0c4dcf2f323748b,40,26240,0.08305884219918445,0.07690113807459875,0.12315408214649694,0.4760809132574439,0.6354513038211888,0.7173955611435485,0.4833929240703583
dynamic-query,DynamicQueryAdapter,5083cdba2e02067f949e8a6fe0c4dcf2f323748b,41,26896,0.08154565587800341,0.07538371211876234,0.12323887490992642,0.4798013192956665,0.6391418722144716,0.7210229538225257,0.4752267301082611
dynamic-query,DynamicQueryAdapter,5083cdba2e02067f949e8a6fe0c4dcf2f323748b,42,27552,0.08069676488271398,0.07451678401723878,0.1235996162852178,0.4766783436436116,0.6360146363452455,0.7172019699924317,0.4885275661945343
dynamic-query,DynamicQueryAdapter,5083cdba2e02067f949e8a6fe0c4dcf2f323748b,43,28208,0.07998573467801713,0.07379261584271807,0.1238623797902048,0.47627734983288056,0.6359716063471417,0.7193196233008488,0.4937770962715149
dynamic-query,DynamicQueryAdapter,5083cdba2e02067f949e8a6fe0c4dcf2f323748b,44,28864,0.07858746976373489,0.07239698689718278,0.12380965651559107,0.47993849220206136,0.6392933885954614,0.7199833290111433,0.4967271685600281
dynamic-query,DynamicQueryAdapter,5083cdba2e02067f949e8a6fe0c4dcf2f323748b,45,29520,0.07768103529138258,0.07147907544826346,0.12403919918442922,0.47826748981421835,0.637763525589468,0.7157759546452612,0.49642276763916016
dynamic-query,DynamicQueryAdapter,5083cdba2e02067f949e8a6fe0c4dcf2f323748b,46,30176,0.07718207345118865,0.07097097470630441,0.12422197311761461,0.4813580498834722,0.6407436981187864,0.7206672390190657,0.49550357460975647
dynamic-query,DynamicQueryAdapter,5083cdba2e02067f949e8a6fe0c4dcf2f323748b,47,30832,0.0763380714361076,0.0701391468866445,0.12397849656387898,0.4754006012742021,0.6349406241581367,0.7160668318367469,0.49885377287864685
dynamic-query,DynamicQueryAdapter,5083cdba2e02067f949e8a6fe0c4dcf2f323748b,48,31488,0.07571028247766856,0.06950514016901871,0.12410284583133173,0.4783437344490005,0.6375770802485853,0.718602626437201,0.5107340812683105
dynamic-query,DynamicQueryAdapter,5083cdba2e02067f949e8a6fe0c4dcf2f323748b,49,32144,0.07470337021554298,0.06848646987565923,0.12433800656184738,0.47765287239886395,0.6365000106381072,0.7189650915076832,0.5135771036148071
dynamic-query,DynamicQueryAdapter,5083cdba2e02067f949e8a6fe0c4dcf2f323748b,50,32800,0.07423769855467445,0.06801976371208107,0.12435869738745137,0.47600319303580446,0.6355369275502303,0.7176524114677183,0.5088062286376953
dynamic-query,DynamicQueryAdapter,5083cdba2e02067f949e8a6fe0c4dcf2f323748b,51,33456,0.07332443770609703,0.06710081916369567,0.12447237140705138,0.476713239609071,0.6360326624664321,0.7158185905567479,0.5229833126068115
dynamic-query,DynamicQueryAdapter,5083cdba2e02067f949e8a6fe0c4dcf2f323748b,52,34112,0.07307190969209901,0.06684117834840674,0.12461462736680971,0.47879033788280095,0.6383885858526938,0.7186747698915961,0.5164263844490051
dynamic-query,DynamicQueryAdapter,5083cdba2e02067f949e8a6fe0c4dcf2f323748b,53,34768,0.07212937380971143,0.06589607853008778,0.12466590488641184,0.4769356051437352,0.6365970361596129,0.717867526425129,0.5108311176300049
dynamic-query,DynamicQueryAdapter,5083cdba2e02067f949e8a6fe0c4dcf2f323748b,54,35424,0.07158898888799549,0.06535320219076195,0.12471573220864074,0.47869503449299006,0.6382616476545488,0.7181167992847884,0.5352884531021118
dynamic-query,DynamicQueryAdapter,5083cdba2e02067f949e8a6fe0c4dcf2f323748b,55,36080,0.0706385031018599,0.06438867954984953,0.12499646931128047,0.47509733676056126,0.6348089161232636,0.7157065144850767,0.5379945039749146
dynamic-query,DynamicQueryAdapter,5083cdba2e02067f949e8a6fe0c4dcf2f323748b,56,36736,0.06993590376220607,0.06368942827196569,0.12492951040574123,0.4757155029374241,0.6353437727977524,0.7174743810795673,0.5377888083457947
dynamic-query,DynamicQueryAdapter,5083cdba2e02067f949e8a6fe0c4dcf2f323748b,57,37392,0.0696733200030975,0.06342598152480006,0.12494676901615885,0.4786672995474747,0.6379789113729658,0.7197416272232057,0.5363641381263733
dynamic-query,DynamicQueryAdapter,5083cdba2e02067f949e8a6fe0c4dcf2f323748b,58,38048,0.06892652678991458,0.06267622843617729,0.12500596859412716,0.4748909296752249,0.6343266386229834,0.7153623280463854,0.5438781380653381
dynamic-query,DynamicQueryAdapter,5083cdba2e02067f949e8a6fe0c4dcf2f323748b,59,38704,0.06859251693642643,0.06233008964018663,0.12524854783769648,0.47611304514866487,0.6353734896902488,0.717242091109527,0.5473847389221191
dynamic-query,DynamicQueryAdapter,5083cdba2e02067f949e8a6fe0c4dcf2f323748b,60,39360,0.06782417725254905,0.06156638924617401,0.12515576022694616,0.4745105451628045,0.6339144073979329,0.7159248906027278,0.5537078380584717
